year,state_abbr,state,stratification_category,stratification,obesity_pct,no_leisure_activity_pct,low_fruit_consumption_pct
2017,AK,Alaska,Age (years),18 - 24,23.0,19.1,49.3
2017,AK,Alaska,Age (years),25 - 34,31.4,13.4,30.3
2017,AK,Alaska,Age (years),35 - 44,41.5,18.8,38.5
2017,AK,Alaska,Age (years),45 - 54,37.7,21.3,37.9
2017,AK,Alaska,Age (years),55 - 64,36.2,26.1,34.8
2017,AK,Alaska,Age (years),65 or older,34.8,27.5,34.9
2017,AK,Alaska,Education,College graduate,30.7,13.6,26.3
2017,AK,Alaska,Education,High school graduate,30.0,25.4,42.2
2017,AK,Alaska,Education,Less than high school,37.3,28.8,54.0
2017,AK,Alaska,Education,Some college or technical school,38.9,19.8,36.7
2017,AK,Alaska,Income,"$15,000 - $24,999",31.8,22.8,38.4
2017,AK,Alaska,Income,"$25,000 - $34,999",34.5,24.9,32.4
2017,AK,Alaska,Income,"$35,000 - $49,999",41.4,17.2,37.0
2017,AK,Alaska,Income,"$50,000 - $74,999",35.9,19.6,34.0
2017,AK,Alaska,Income,"$75,000 or greater",31.8,16.6,32.4
2017,AK,Alaska,Income,Data not reported,31.6,28.6,45.8
2017,AK,Alaska,Income,"Less than $15,000",37.8,29.1,55.2
2017,AK,Alaska,Race/Ethnicity,Hispanic,32.3,18.0,17.5
2017,AK,Alaska,Race/Ethnicity,NH American Indian/Alaska Native,44.0,28.5,59.5
2017,AK,Alaska,Race/Ethnicity,Non-Hispanic 2 or more races,28.6,10.8,43.4
2017,AK,Alaska,Race/Ethnicity,Non-Hispanic White,32.6,19.6,34.5
2017,AK,Alaska,Sex,Female,36.1,20.2,29.4
2017,AK,Alaska,Sex,Male,32.6,21.1,43.6
2017,AK,Alaska,Total,Total,34.2,20.6,36.9
2017,AL,Alabama,Age (years),18 - 24,20.7,21.5,42.1
2017,AL,Alabama,Age (years),25 - 34,36.3,23.5,45.4
2017,AL,Alabama,Age (years),35 - 44,42.2,28.0,44.1
2017,AL,Alabama,Age (years),45 - 54,47.1,34.1,52.6
2017,AL,Alabama,Age (years),55 - 64,41.2,39.0,47.7
2017,AL,Alabama,Age (years),65 or older,29.0,40.0,38.1
2017,AL,Alabama,Education,College graduate,31.7,21.1,34.8
2017,AL,Alabama,Education,High school graduate,37.1,36.9,46.9
2017,AL,Alabama,Education,Less than high school,41.2,45.1,56.1
2017,AL,Alabama,Education,Some college or technical school,36.3,28.7,44.7
2017,AL,Alabama,Income,"$15,000 - $24,999",40.4,42.4,46.4
2017,AL,Alabama,Income,"$25,000 - $34,999",37.0,37.2,46.2
2017,AL,Alabama,Income,"$35,000 - $49,999",38.3,29.5,45.5
2017,AL,Alabama,Income,"$50,000 - $74,999",38.8,28.1,42.7
2017,AL,Alabama,Income,"$75,000 or greater",31.9,17.8,39.5
2017,AL,Alabama,Income,Data not reported,31.6,35.0,47.4
2017,AL,Alabama,Income,"Less than $15,000",42.2,42.0,49.2
2017,AL,Alabama,Race/Ethnicity,Hispanic,34.4,24.9,26.9
2017,AL,Alabama,Race/Ethnicity,NH American Indian/Alaska Native,46.6,35.4,56.4
2017,AL,Alabama,Race/Ethnicity,Non-Hispanic 2 or more races,38.6,38.7,36.6
2017,AL,Alabama,Race/Ethnicity,Non-Hispanic Black,44.4,34.4,44.1
2017,AL,Alabama,Race/Ethnicity,Non-Hispanic White,33.6,31.4,46.3
2017,AL,Alabama,Sex,Female,37.4,35.8,42.2
2017,AL,Alabama,Sex,Male,35.1,27.8,47.9
2017,AL,Alabama,Total,Total,36.3,32.0,44.9
2017,AR,Arkansas,Age (years),18 - 24,13.3,20.8,49.8
2017,AR,Arkansas,Age (years),25 - 34,38.8,29.6,43.9
2017,AR,Arkansas,Age (years),35 - 44,41.8,29.8,42.7
2017,AR,Arkansas,Age (years),45 - 54,42.6,34.6,49.9
2017,AR,Arkansas,Age (years),55 - 64,40.2,35.1,45.2
2017,AR,Arkansas,Age (years),65 or older,30.6,40.4,39.5
2017,AR,Arkansas,Education,College graduate,27.9,18.6,41.8
2017,AR,Arkansas,Education,High school graduate,34.6,37.7,48.6
2017,AR,Arkansas,Education,Less than high school,38.7,48.9,46.1
2017,AR,Arkansas,Education,Some college or technical school,38.5,27.9,41.5
2017,AR,Arkansas,Income,"$15,000 - $24,999",40.0,36.4,43.0
2017,AR,Arkansas,Income,"$25,000 - $34,999",36.8,33.4,43.2
2017,AR,Arkansas,Income,"$35,000 - $49,999",36.3,28.6,50.5
2017,AR,Arkansas,Income,"$50,000 - $74,999",35.1,31.2,43.4
2017,AR,Arkansas,Income,"$75,000 or greater",32.2,19.3,39.6
2017,AR,Arkansas,Income,Data not reported,26.4,37.7,42.6
2017,AR,Arkansas,Income,"Less than $15,000",39.3,43.5,53.7
2017,AR,Arkansas,Race/Ethnicity,Hispanic,28.5,34.7,29.9
2017,AR,Arkansas,Race/Ethnicity,NH American Indian/Alaska Native,50.3,44.8,43.1
2017,AR,Arkansas,Race/Ethnicity,Non-Hispanic 2 or more races,24.6,37.8,42.1
2017,AR,Arkansas,Race/Ethnicity,Non-Hispanic Black,45.0,32.4,40.5
2017,AR,Arkansas,Race/Ethnicity,Non-Hispanic White,34.0,32.5,46.9
2017,AR,Arkansas,Sex,Female,37.4,35.9,41.2
2017,AR,Arkansas,Sex,Male,32.8,29.0,48.2
2017,AR,Arkansas,Total,Total,35.0,32.5,44.7
2017,AZ,Arizona,Age (years),18 - 24,18.2,15.4,41.7
2017,AZ,Arizona,Age (years),25 - 34,30.5,21.2,38.9
2017,AZ,Arizona,Age (years),35 - 44,34.4,22.0,34.6
2017,AZ,Arizona,Age (years),45 - 54,34.4,27.5,39.0
2017,AZ,Arizona,Age (years),55 - 64,33.5,28.7,37.3
2017,AZ,Arizona,Age (years),65 or older,25.5,31.1,33.9
2017,AZ,Arizona,Education,College graduate,22.3,15.6,28.7
2017,AZ,Arizona,Education,High school graduate,32.8,29.5,41.5
2017,AZ,Arizona,Education,Less than high school,33.9,37.3,42.2
2017,AZ,Arizona,Education,Some college or technical school,30.3,23.7,38.3
2017,AZ,Arizona,Income,"$15,000 - $24,999",34.3,30.9,38.6
2017,AZ,Arizona,Income,"$25,000 - $34,999",27.8,32.6,40.4
2017,AZ,Arizona,Income,"$35,000 - $49,999",30.4,26.7,36.7
2017,AZ,Arizona,Income,"$50,000 - $74,999",30.5,21.2,36.7
2017,AZ,Arizona,Income,"$75,000 or greater",25.0,15.2,32.4
2017,AZ,Arizona,Income,Data not reported,28.2,27.4,38.4
2017,AZ,Arizona,Income,"Less than $15,000",35.5,35.2,45.3
2017,AZ,Arizona,Race/Ethnicity,Hispanic,35.4,26.4,37.3
2017,AZ,Arizona,Race/Ethnicity,NH American Indian/Alaska Native,41.6,26.9,39.3
2017,AZ,Arizona,Race/Ethnicity,Non-Hispanic 2 or more races,34.4,23.7,35.7
2017,AZ,Arizona,Race/Ethnicity,Non-Hispanic Asian,8.6,20.5,30.7
2017,AZ,Arizona,Race/Ethnicity,Non-Hispanic Black,34.3,28.1,40.8
2017,AZ,Arizona,Race/Ethnicity,Non-Hispanic Other,31.2,37.4,35.3
2017,AZ,Arizona,Race/Ethnicity,Non-Hispanic White,26.9,24.3,37.3
2017,AZ,Arizona,Sex,Female,28.8,26.5,33.3
2017,AZ,Arizona,Sex,Male,30.1,23.5,41.3
2017,AZ,Arizona,Total,Total,29.5,25.1,37.2
2017,CA,California,Age (years),18 - 24,12.7,14.6,40.8
2017,CA,California,Age (years),25 - 34,22.6,17.7,37.1
2017,CA,California,Age (years),35 - 44,25.4,21.8,30.6
2017,CA,California,Age (years),45 - 54,31.6,20.7,30.7
2017,CA,California,Age (years),55 - 64,31.8,21.8,31.9
2017,CA,California,Age (years),65 or older,24.2,22.1,26.0
2017,CA,California,Education,College graduate,14.4,11.9,27.4
2017,CA,California,Education,High school graduate,28.7,22.1,36.3
2017,CA,California,Education,Less than high school,34.0,35.3,30.9
2017,CA,California,Education,Some college or technical school,28.0,17.7,35.6
2017,CA,California,Income,"$15,000 - $24,999",28.3,25.2,32.6
2017,CA,California,Income,"$25,000 - $34,999",32.3,26.2,33.1
2017,CA,California,Income,"$35,000 - $49,999",25.7,23.4,34.2
2017,CA,California,Income,"$50,000 - $74,999",25.6,18.9,33.3
2017,CA,California,Income,"$75,000 or greater",21.8,11.5,30.5
2017,CA,California,Income,Data not reported,20.4,22.4,32.4
2017,CA,California,Income,"Less than $15,000",30.8,30.7,35.5
2017,CA,California,Race/Ethnicity,Hispanic,31.7,27.0,32.1
2017,CA,California,Race/Ethnicity,NH American Indian/Alaska Native,32.1,24.9,42.6
2017,CA,California,Race/Ethnicity,Non-Hispanic 2 or more races,37.7,10.6,34.9
2017,CA,California,Race/Ethnicity,Non-Hispanic Asian,9.7,14.8,34.0
2017,CA,California,Race/Ethnicity,Non-Hispanic Black,33.7,24.6,39.0
2017,CA,California,Race/Ethnicity,Non-Hispanic Other,28.1,17.0,36.3
2017,CA,California,Race/Ethnicity,Non-Hispanic White,23.8,16.0,31.6
2017,CA,California,Sex,Female,25.8,21.1,29.1
2017,CA,California,Sex,Male,24.5,18.9,36.0
2017,CA,California,Total,Total,25.1,20.0,32.5
2017,CO,Colorado,Age (years),18 - 24,13.1,15.7,39.4
2017,CO,Colorado,Age (years),25 - 34,19.1,18.4,36.1
2017,CO,Colorado,Age (years),35 - 44,25.1,20.0,30.3
2017,CO,Colorado,Age (years),45 - 54,27.7,20.0,31.5
2017,CO,Colorado,Age (years),55 - 64,26.2,18.9,33.8
2017,CO,Colorado,Age (years),65 or older,22.4,22.7,28.7
2017,CO,Colorado,Education,College graduate,17.0,9.8,26.1
2017,CO,Colorado,Education,High school graduate,25.1,27.5,39.9
2017,CO,Colorado,Education,Less than high school,27.7,40.0,36.9
2017,CO,Colorado,Education,Some college or technical school,25.7,18.6,35.0
2017,CO,Colorado,Income,"$15,000 - $24,999",26.0,25.1,37.8
2017,CO,Colorado,Income,"$25,000 - $34,999",25.5,22.0,34.6
2017,CO,Colorado,Income,"$35,000 - $49,999",23.4,21.1,37.2
2017,CO,Colorado,Income,"$50,000 - $74,999",22.0,20.3,29.8
2017,CO,Colorado,Income,"$75,000 or greater",21.5,11.9,28.7
2017,CO,Colorado,Income,Data not reported,19.7,25.9,35.7
2017,CO,Colorado,Income,"Less than $15,000",27.1,30.7,41.6
2017,CO,Colorado,Race/Ethnicity,Hispanic,27.7,27.9,33.4
2017,CO,Colorado,Race/Ethnicity,NH American Indian/Alaska Native,27.6,23.4,26.7
2017,CO,Colorado,Race/Ethnicity,Non-Hispanic 2 or more races,28.5,22.0,39.4
2017,CO,Colorado,Race/Ethnicity,Non-Hispanic Asian,6.6,22.0,36.1
2017,CO,Colorado,Race/Ethnicity,Non-Hispanic Black,29.9,20.2,44.7
2017,CO,Colorado,Race/Ethnicity,Non-Hispanic Other,13.0,13.8,29.0
2017,CO,Colorado,Race/Ethnicity,Non-Hispanic White,21.4,16.8,32.0
2017,CO,Colorado,Sex,Female,23.8,20.6,29.5
2017,CO,Colorado,Sex,Male,21.5,18.2,36.4
2017,CO,Colorado,Total,Total,22.6,19.5,33.0
2017,CT,Connecticut,Age (years),18 - 24,16.2,20.9,36.4
2017,CT,Connecticut,Age (years),25 - 34,27.2,19.6,31.6
2017,CT,Connecticut,Age (years),35 - 44,27.0,25.9,30.7
2017,CT,Connecticut,Age (years),45 - 54,31.5,22.9,32.6
2017,CT,Connecticut,Age (years),55 - 64,30.0,23.9,31.4
2017,CT,Connecticut,Age (years),65 or older,26.4,28.6,28.1
2017,CT,Connecticut,Education,College graduate,20.5,13.7,25.2
2017,CT,Connecticut,Education,High school graduate,31.3,32.5,34.9
2017,CT,Connecticut,Education,Less than high school,33.0,40.4,38.4
2017,CT,Connecticut,Education,Some college or technical school,28.6,23.2,33.9
2017,CT,Connecticut,Income,"$15,000 - $24,999",34.1,36.2,32.6
2017,CT,Connecticut,Income,"$25,000 - $34,999",32.0,33.3,36.6
2017,CT,Connecticut,Income,"$35,000 - $49,999",29.2,27.9,35.4
2017,CT,Connecticut,Income,"$50,000 - $74,999",26.1,25.4,31.8
2017,CT,Connecticut,Income,"$75,000 or greater",24.4,16.1,28.9
2017,CT,Connecticut,Income,Data not reported,21.8,24.7,28.9
2017,CT,Connecticut,Income,"Less than $15,000",38.2,36.2,41.9
2017,CT,Connecticut,Race/Ethnicity,Hispanic,32.0,33.0,31.5
2017,CT,Connecticut,Race/Ethnicity,Non-Hispanic 2 or more races,27.0,19.6,31.5
2017,CT,Connecticut,Race/Ethnicity,Non-Hispanic Asian,10.0,22.2,32.8
2017,CT,Connecticut,Race/Ethnicity,Non-Hispanic Black,35.5,29.8,35.0
2017,CT,Connecticut,Race/Ethnicity,Non-Hispanic Other,27.0,28.7,19.7
2017,CT,Connecticut,Race/Ethnicity,Non-Hispanic White,25.6,21.6,30.7
2017,CT,Connecticut,Sex,Female,24.4,25.5,29.1
2017,CT,Connecticut,Sex,Male,29.3,22.4,34.1
2017,CT,Connecticut,Total,Total,26.9,24.0,31.5
2017,DC,District of Columbia,Age (years),18 - 24,16.0,22.2,34.0
2017,DC,District of Columbia,Age (years),25 - 34,18.3,21.9,35.2
2017,DC,District of Columbia,Age (years),35 - 44,23.9,19.7,27.2
2017,DC,District of Columbia,Age (years),45 - 54,27.6,20.6,29.0
2017,DC,District of Columbia,Age (years),55 - 64,31.7,26.7,32.8
2017,DC,District of Columbia,Age (years),65 or older,24.2,28.7,23.5
2017,DC,District of Columbia,Education,College graduate,15.3,11.1,26.5
2017,DC,District of Columbia,Education,High school graduate,32.8,34.8,33.7
2017,DC,District of Columbia,Education,Less than high school,34.8,45.0,45.7
2017,DC,District of Columbia,Education,Some college or technical school,28.2,32.8,32.4
2017,DC,District of Columbia,Income,"$15,000 - $24,999",33.0,28.9,29.8
2017,DC,District of Columbia,Income,"$25,000 - $34,999",39.0,41.5,39.3
2017,DC,District of Columbia,Income,"$35,000 - $49,999",29.8,33.4,33.1
2017,DC,District of Columbia,Income,"$50,000 - $74,999",20.9,23.6,30.7
2017,DC,District of Columbia,Income,"$75,000 or greater",14.6,11.4,25.9
2017,DC,District of Columbia,Income,Data not reported,23.5,28.1,31.6
2017,DC,District of Columbia,Income,"Less than $15,000",35.3,35.3,45.5
2017,DC,District of Columbia,Race/Ethnicity,Hispanic,19.2,32.3,33.3
2017,DC,District of Columbia,Race/Ethnicity,Non-Hispanic 2 or more races,23.2,16.4,38.8
2017,DC,District of Columbia,Race/Ethnicity,Non-Hispanic Asian,2.4,20.2,20.6
2017,DC,District of Columbia,Race/Ethnicity,Non-Hispanic Black,36.0,32.5,35.8
2017,DC,District of Columbia,Race/Ethnicity,Non-Hispanic Other,17.9,15.2,27.6
2017,DC,District of Columbia,Race/Ethnicity,Non-Hispanic White,12.2,12.1,26.1
2017,DC,District of Columbia,Sex,Female,27.2,25.1,28.7
2017,DC,District of Columbia,Sex,Male,18.4,20.6,32.9
2017,DC,District of Columbia,Total,Total,23.0,23.0,30.6
2017,DE,Delaware,Age (years),18 - 24,15.5,29.3,35.9
2017,DE,Delaware,Age (years),25 - 34,27.4,28.2,38.3
2017,DE,Delaware,Age (years),35 - 44,35.7,25.0,31.8
2017,DE,Delaware,Age (years),45 - 54,34.6,29.3,37.4
2017,DE,Delaware,Age (years),55 - 64,37.4,33.8,39.2
2017,DE,Delaware,Age (years),65 or older,33.9,36.5,31.0
2017,DE,Delaware,Education,College graduate,27.9,19.6,27.9
2017,DE,Delaware,Education,High school graduate,35.3,38.1,39.2
2017,DE,Delaware,Education,Less than high school,35.2,38.8,38.2
2017,DE,Delaware,Education,Some college or technical school,31.1,31.4,37.8
2017,DE,Delaware,Income,"$15,000 - $24,999",34.1,42.1,40.9
2017,DE,Delaware,Income,"$25,000 - $34,999",39.8,34.7,37.6
2017,DE,Delaware,Income,"$35,000 - $49,999",31.6,33.6,39.1
2017,DE,Delaware,Income,"$50,000 - $74,999",32.0,28.0,35.9
2017,DE,Delaware,Income,"$75,000 or greater",28.9,19.2,30.8
2017,DE,Delaware,Income,Data not reported,28.7,34.2,32.8
2017,DE,Delaware,Income,"Less than $15,000",37.0,44.2,40.6
2017,DE,Delaware,Race/Ethnicity,Hispanic,30.3,35.5,27.8
2017,DE,Delaware,Race/Ethnicity,Non-Hispanic Asian,7.7,26.7,28.4
2017,DE,Delaware,Race/Ethnicity,Non-Hispanic Black,40.2,33.6,36.6
2017,DE,Delaware,Race/Ethnicity,Non-Hispanic White,30.4,29.4,36.1
2017,DE,Delaware,Sex,Female,31.3,33.7,34.8
2017,DE,Delaware,Sex,Male,32.3,28.0,36.0
2017,DE,Delaware,Total,Total,31.8,31.0,35.4
2017,FL,Florida,Age (years),18 - 24,17.1,17.1,40.6
2017,FL,Florida,Age (years),25 - 34,27.6,26.4,35.0
2017,FL,Florida,Age (years),35 - 44,30.4,25.2,31.2
2017,FL,Florida,Age (years),45 - 54,33.4,32.8,37.7
2017,FL,Florida,Age (years),55 - 64,34.6,32.0,35.6
2017,FL,Florida,Age (years),65 or older,25.4,33.9,30.5
2017,FL,Florida,Education,College graduate,23.1,17.9,27.4
2017,FL,Florida,Education,High school graduate,31.2,33.3,39.8
2017,FL,Florida,Education,Less than high school,32.5,46.2,39.6
2017,FL,Florida,Education,Some college or technical school,28.7,26.9,32.9
2017,FL,Florida,Income,"$15,000 - $24,999",32.7,37.2,36.2
2017,FL,Florida,Income,"$25,000 - $34,999",35.0,33.5,36.0
2017,FL,Florida,Income,"$35,000 - $49,999",28.2,26.5,35.0
2017,FL,Florida,Income,"$50,000 - $74,999",30.8,22.0,34.6
2017,FL,Florida,Income,"$75,000 or greater",22.1,17.0,29.7
2017,FL,Florida,Income,Data not reported,23.4,34.0,33.9
2017,FL,Florida,Income,"Less than $15,000",33.7,40.1,40.9
2017,FL,Florida,Race/Ethnicity,Hispanic,31.2,30.6,34.7
2017,FL,Florida,Race/Ethnicity,NH American Indian/Alaska Native,46.7,40.6,27.2
2017,FL,Florida,Race/Ethnicity,Non-Hispanic 2 or more races,37.1,29.9,41.3
2017,FL,Florida,Race/Ethnicity,Non-Hispanic Asian,6.5,19.4,29.2
2017,FL,Florida,Race/Ethnicity,Non-Hispanic Black,36.9,33.5,32.8
2017,FL,Florida,Race/Ethnicity,Non-Hispanic Other,10.6,20.4,19.4
2017,FL,Florida,Race/Ethnicity,Non-Hispanic White,25.9,28.0,35.4
2017,FL,Florida,Sex,Female,27.3,31.3,33.0
2017,FL,Florida,Sex,Male,29.6,26.9,36.0
2017,FL,Florida,Total,Total,28.4,29.2,34.4
2017,GA,Georgia,Age (years),18 - 24,16.9,19.3,40.8
2017,GA,Georgia,Age (years),25 - 34,29.1,25.5,37.4
2017,GA,Georgia,Age (years),35 - 44,37.0,30.7,35.9
2017,GA,Georgia,Age (years),45 - 54,36.2,33.1,40.6
2017,GA,Georgia,Age (years),55 - 64,38.5,36.6,41.7
2017,GA,Georgia,Age (years),65 or older,29.3,38.0,36.2
2017,GA,Georgia,Education,College graduate,25.9,19.6,31.3
2017,GA,Georgia,Education,High school graduate,34.2,36.6,41.0
2017,GA,Georgia,Education,Less than high school,35.0,45.5,44.4
2017,GA,Georgia,Education,Some college or technical school,32.7,29.2,40.7
2017,GA,Georgia,Income,"$15,000 - $24,999",37.9,39.7,40.6
2017,GA,Georgia,Income,"$25,000 - $34,999",30.2,33.5,38.6
2017,GA,Georgia,Income,"$35,000 - $49,999",33.2,30.5,40.2
2017,GA,Georgia,Income,"$50,000 - $74,999",31.6,28.6,37.6
2017,GA,Georgia,Income,"$75,000 or greater",28.3,19.9,35.5
2017,GA,Georgia,Income,Data not reported,25.8,32.4,36.9
2017,GA,Georgia,Income,"Less than $15,000",40.5,45.7,47.1
2017,GA,Georgia,Race/Ethnicity,Hispanic,27.4,34.2,33.2
2017,GA,Georgia,Race/Ethnicity,NH American Indian/Alaska Native,36.1,35.2,24.0
2017,GA,Georgia,Race/Ethnicity,Non-Hispanic 2 or more races,39.0,32.3,40.5
2017,GA,Georgia,Race/Ethnicity,Non-Hispanic Asian,14.3,22.1,27.0
2017,GA,Georgia,Race/Ethnicity,Non-Hispanic Black,35.9,31.8,39.6
2017,GA,Georgia,Race/Ethnicity,Non-Hispanic White,30.9,30.6,39.8
2017,GA,Georgia,Sex,Female,33.6,32.9,35.4
2017,GA,Georgia,Sex,Male,29.7,28.9,42.2
2017,GA,Georgia,Total,Total,31.6,31.0,38.6
2017,HI,Hawaii,Age (years),18 - 24,15.9,20.0,43.2
2017,HI,Hawaii,Age (years),25 - 34,26.8,19.7,41.8
2017,HI,Hawaii,Age (years),35 - 44,28.5,25.3,40.7
2017,HI,Hawaii,Age (years),45 - 54,29.0,24.2,37.4
2017,HI,Hawaii,Age (years),55 - 64,22.2,20.4,36.5
2017,HI,Hawaii,Age (years),65 or older,19.8,28.6,27.8
2017,HI,Hawaii,Education,College graduate,17.8,14.3,33.1
2017,HI,Hawaii,Education,High school graduate,28.6,26.8,41.2
2017,HI,Hawaii,Education,Less than high school,30.0,44.6,37.1
2017,HI,Hawaii,Education,Some college or technical school,23.3,23.3,36.9
2017,HI,Hawaii,Income,"$15,000 - $24,999",22.9,31.8,35.3
2017,HI,Hawaii,Income,"$25,000 - $34,999",26.3,24.8,39.1
2017,HI,Hawaii,Income,"$35,000 - $49,999",25.9,24.3,40.2
2017,HI,Hawaii,Income,"$50,000 - $74,999",23.9,19.4,35.0
2017,HI,Hawaii,Income,"$75,000 or greater",22.8,18.1,36.2
2017,HI,Hawaii,Income,Data not reported,19.5,27.6,36.6
2017,HI,Hawaii,Income,"Less than $15,000",27.6,34.2,40.3
2017,HI,Hawaii,Race/Ethnicity,Hispanic,33.9,22.9,41.2
2017,HI,Hawaii,Race/Ethnicity,NH Hawaiian/Pacific Islander,44.4,24.7,38.2
2017,HI,Hawaii,Race/Ethnicity,Non-Hispanic 2 or more races,37.3,23.7,39.7
2017,HI,Hawaii,Race/Ethnicity,Non-Hispanic Asian,16.1,27.3,39.7
2017,HI,Hawaii,Race/Ethnicity,Non-Hispanic Black,30.8,28.7,57.7
2017,HI,Hawaii,Race/Ethnicity,Non-Hispanic White,17.3,16.7,27.8
2017,HI,Hawaii,Sex,Female,22.4,28.3,33.2
2017,HI,Hawaii,Sex,Male,25.1,18.8,40.7
2017,HI,Hawaii,Total,Total,23.8,23.5,37.0
2017,IA,Iowa,Age (years),18 - 24,22.6,14.5,38.5
2017,IA,Iowa,Age (years),25 - 34,37.7,20.0,34.6
2017,IA,Iowa,Age (years),35 - 44,39.1,21.9,38.2
2017,IA,Iowa,Age (years),45 - 54,42.4,27.6,39.4
2017,IA,Iowa,Age (years),55 - 64,43.2,30.9,36.0
2017,IA,Iowa,Age (years),65 or older,32.5,30.8,29.5
2017,IA,Iowa,Education,College graduate,28.9,14.8,26.9
2017,IA,Iowa,Education,High school graduate,39.9,31.2,39.9
2017,IA,Iowa,Education,Less than high school,39.5,36.5,40.7
2017,IA,Iowa,Education,Some college or technical school,38.0,24.4,36.9
2017,IA,Iowa,Income,"$15,000 - $24,999",39.8,29.6,39.6
2017,IA,Iowa,Income,"$25,000 - $34,999",36.3,30.6,35.8
2017,IA,Iowa,Income,"$35,000 - $49,999",40.0,28.0,35.2
2017,IA,Iowa,Income,"$50,000 - $74,999",39.8,25.0,37.0
2017,IA,Iowa,Income,"$75,000 or greater",30.7,16.3,31.7
2017,IA,Iowa,Income,Data not reported,31.1,29.2,35.5
2017,IA,Iowa,Income,"Less than $15,000",50.1,33.0,43.5
2017,IA,Iowa,Race/Ethnicity,Hispanic,38.1,29.2,26.6
2017,IA,Iowa,Race/Ethnicity,Non-Hispanic 2 or more races,31.3,14.2,37.3
2017,IA,Iowa,Race/Ethnicity,Non-Hispanic Asian,23.9,16.2,28.9
2017,IA,Iowa,Race/Ethnicity,Non-Hispanic Black,43.3,32.9,36.8
2017,IA,Iowa,Race/Ethnicity,Non-Hispanic White,36.6,24.5,36.1
2017,IA,Iowa,Sex,Female,36.4,24.5,30.9
2017,IA,Iowa,Sex,Male,36.4,25.4,40.5
2017,IA,Iowa,Total,Total,36.4,25.0,35.6
2017,ID,Idaho,Age (years),18 - 24,16.2,17.3,45.5
2017,ID,Idaho,Age (years),25 - 34,29.0,21.7,35.0
2017,ID,Idaho,Age (years),35 - 44,31.9,20.2,30.6
2017,ID,Idaho,Age (years),45 - 54,36.5,27.8,38.3
2017,ID,Idaho,Age (years),55 - 64,35.2,28.5,33.4
2017,ID,Idaho,Age (years),65 or older,26.1,27.9,32.4
2017,ID,Idaho,Education,College graduate,24.8,14.4,29.9
2017,ID,Idaho,Education,High school graduate,32.3,30.7,37.7
2017,ID,Idaho,Education,Less than high school,30.9,39.3,43.6
2017,ID,Idaho,Education,Some college or technical school,29.6,21.6,35.3
2017,ID,Idaho,Income,"$15,000 - $24,999",34.1,31.6,39.0
2017,ID,Idaho,Income,"$25,000 - $34,999",29.9,28.5,42.3
2017,ID,Idaho,Income,"$35,000 - $49,999",31.9,25.6,35.6
2017,ID,Idaho,Income,"$50,000 - $74,999",29.9,22.5,30.9
2017,ID,Idaho,Income,"$75,000 or greater",25.3,13.4,28.9
2017,ID,Idaho,Income,Data not reported,25.2,25.3,38.8
2017,ID,Idaho,Income,"Less than $15,000",30.7,38.1,44.3
2017,ID,Idaho,Race/Ethnicity,Hispanic,37.3,30.9,34.0
2017,ID,Idaho,Race/Ethnicity,Non-Hispanic 2 or more races,35.7,18.1,47.0
2017,ID,Idaho,Race/Ethnicity,Non-Hispanic White,28.1,23.3,35.1
2017,ID,Idaho,Sex,Female,28.2,22.4,30.5
2017,ID,Idaho,Sex,Male,30.5,26.0,40.4
2017,ID,Idaho,Total,Total,29.3,24.2,35.4
2017,IL,Illinois,Age (years),18 - 24,13.6,18.3,39.6
2017,IL,Illinois,Age (years),25 - 34,29.4,19.6,34.2
2017,IL,Illinois,Age (years),35 - 44,31.6,22.3,36.2
2017,IL,Illinois,Age (years),45 - 54,39.7,20.9,31.6
2017,IL,Illinois,Age (years),55 - 64,37.8,29.5,31.9
2017,IL,Illinois,Age (years),65 or older,30.2,30.8,28.7
2017,IL,Illinois,Education,College graduate,24.2,14.5,27.3
2017,IL,Illinois,Education,High school graduate,33.0,29.3,38.4
2017,IL,Illinois,Education,Less than high school,35.8,37.8,34.7
2017,IL,Illinois,Education,Some college or technical school,34.5,23.9,34.3
2017,IL,Illinois,Income,"$15,000 - $24,999",33.8,35.7,36.4
2017,IL,Illinois,Income,"$25,000 - $34,999",29.0,29.7,35.7
2017,IL,Illinois,Income,"$35,000 - $49,999",36.6,26.7,35.9
2017,IL,Illinois,Income,"$50,000 - $74,999",32.2,20.6,32.0
2017,IL,Illinois,Income,"$75,000 or greater",26.8,15.9,29.7
2017,IL,Illinois,Income,Data not reported,27.8,27.3,31.3
2017,IL,Illinois,Income,"Less than $15,000",39.8,32.4,40.6
2017,IL,Illinois,Race/Ethnicity,Hispanic,33.6,26.2,29.0
2017,IL,Illinois,Race/Ethnicity,Non-Hispanic 2 or more races,18.4,21.3,42.2
2017,IL,Illinois,Race/Ethnicity,Non-Hispanic Asian,10.6,21.0,30.1
2017,IL,Illinois,Race/Ethnicity,Non-Hispanic Black,38.4,31.2,39.4
2017,IL,Illinois,Race/Ethnicity,Non-Hispanic White,31.0,22.4,33.0
2017,IL,Illinois,Sex,Female,30.5,25.8,30.5
2017,IL,Illinois,Sex,Male,31.7,22.2,36.3
2017,IL,Illinois,Total,Total,31.1,24.0,33.3
2017,IN,Indiana,Age (years),18 - 24,20.5,22.5,40.2
2017,IN,Indiana,Age (years),25 - 34,31.4,25.1,41.0
2017,IN,Indiana,Age (years),35 - 44,36.2,29.0,42.9
2017,IN,Indiana,Age (years),45 - 54,38.0,31.3,43.6
2017,IN,Indiana,Age (years),55 - 64,39.3,32.8,42.2
2017,IN,Indiana,Age (years),65 or older,33.3,34.9,35.2
2017,IN,Indiana,Education,College graduate,28.7,16.7,31.0
2017,IN,Indiana,Education,High school graduate,34.4,34.8,45.6
2017,IN,Indiana,Education,Less than high school,33.9,45.3,47.3
2017,IN,Indiana,Education,Some college or technical school,36.2,27.9,39.9
2017,IN,Indiana,Income,"$15,000 - $24,999",36.7,40.2,45.1
2017,IN,Indiana,Income,"$25,000 - $34,999",35.6,34.5,41.4
2017,IN,Indiana,Income,"$35,000 - $49,999",35.3,29.9,41.1
2017,IN,Indiana,Income,"$50,000 - $74,999",34.3,24.7,38.5
2017,IN,Indiana,Income,"$75,000 or greater",28.6,18.5,36.6
2017,IN,Indiana,Income,Data not reported,30.5,33.6,40.2
2017,IN,Indiana,Income,"Less than $15,000",39.8,43.4,47.7
2017,IN,Indiana,Race/Ethnicity,Hispanic,29.3,35.9,35.8
2017,IN,Indiana,Race/Ethnicity,NH American Indian/Alaska Native,28.9,34.7,34.5
2017,IN,Indiana,Race/Ethnicity,Non-Hispanic 2 or more races,38.1,30.6,42.6
2017,IN,Indiana,Race/Ethnicity,Non-Hispanic Asian,13.9,21.1,33.9
2017,IN,Indiana,Race/Ethnicity,Non-Hispanic Black,43.5,34.3,41.8
2017,IN,Indiana,Race/Ethnicity,Non-Hispanic White,33.3,28.9,41.0
2017,IN,Indiana,Sex,Female,33.7,31.6,38.2
2017,IN,Indiana,Sex,Male,33.5,27.8,43.3
2017,IN,Indiana,Total,Total,33.6,29.8,40.7
2017,KS,Kansas,Age (years),18 - 24,21.9,20.3,40.4
2017,KS,Kansas,Age (years),25 - 34,31.4,24.3,38.3
2017,KS,Kansas,Age (years),35 - 44,35.6,24.8,38.4
2017,KS,Kansas,Age (years),45 - 54,39.2,29.1,41.0
2017,KS,Kansas,Age (years),55 - 64,36.4,31.2,38.3
2017,KS,Kansas,Age (years),65 or older,29.3,34.6,31.2
2017,KS,Kansas,Education,College graduate,27.4,16.9,30.2
2017,KS,Kansas,Education,High school graduate,33.6,36.7,42.0
2017,KS,Kansas,Education,Less than high school,35.9,39.6,47.1
2017,KS,Kansas,Education,Some college or technical school,34.4,27.2,37.9
2017,KS,Kansas,Income,"$15,000 - $24,999",36.9,36.4,40.8
2017,KS,Kansas,Income,"$25,000 - $34,999",33.4,32.9,39.6
2017,KS,Kansas,Income,"$35,000 - $49,999",36.3,29.4,38.1
2017,KS,Kansas,Income,"$50,000 - $74,999",33.3,26.1,37.1
2017,KS,Kansas,Income,"$75,000 or greater",29.3,18.3,32.6
2017,KS,Kansas,Income,Data not reported,25.8,30.8,38.5
2017,KS,Kansas,Income,"Less than $15,000",39.0,40.9,48.8
2017,KS,Kansas,Race/Ethnicity,Hispanic,37.7,30.8,37.3
2017,KS,Kansas,Race/Ethnicity,NH American Indian/Alaska Native,32.6,30.6,38.5
2017,KS,Kansas,Race/Ethnicity,Non-Hispanic 2 or more races,34.9,29.6,38.8
2017,KS,Kansas,Race/Ethnicity,Non-Hispanic Asian,13.2,24.3,30.7
2017,KS,Kansas,Race/Ethnicity,Non-Hispanic Black,36.4,32.3,41.9
2017,KS,Kansas,Race/Ethnicity,Non-Hispanic White,32.1,27.3,37.7
2017,KS,Kansas,Sex,Female,32.4,28.7,34.0
2017,KS,Kansas,Sex,Male,32.3,27.1,41.3
2017,KS,Kansas,Total,Total,32.4,27.9,37.6
2017,KY,Kentucky,Age (years),18 - 24,20.3,21.8,37.4
2017,KY,Kentucky,Age (years),25 - 34,35.9,28.7,42.3
2017,KY,Kentucky,Age (years),35 - 44,38.7,31.8,42.2
2017,KY,Kentucky,Age (years),45 - 54,40.9,35.0,45.5
2017,KY,Kentucky,Age (years),55 - 64,35.6,42.0,49.4
2017,KY,Kentucky,Age (years),65 or older,31.5,41.7,38.5
2017,KY,Kentucky,Education,College graduate,28.4,18.7,33.4
2017,KY,Kentucky,Education,High school graduate,36.0,40.4,48.5
2017,KY,Kentucky,Education,Less than high school,37.0,47.3,48.1
2017,KY,Kentucky,Education,Some college or technical school,35.2,32.1,40.0
2017,KY,Kentucky,Income,"$15,000 - $24,999",38.6,43.2,50.1
2017,KY,Kentucky,Income,"$25,000 - $34,999",41.9,40.6,41.7
2017,KY,Kentucky,Income,"$35,000 - $49,999",38.1,33.9,41.3
2017,KY,Kentucky,Income,"$50,000 - $74,999",38.4,30.9,39.6
2017,KY,Kentucky,Income,"$75,000 or greater",30.0,21.1,39.2
2017,KY,Kentucky,Income,Data not reported,29.3,37.3,41.6
2017,KY,Kentucky,Income,"Less than $15,000",39.9,43.9,52.1
2017,KY,Kentucky,Race/Ethnicity,Hispanic,28.9,28.5,26.8
2017,KY,Kentucky,Race/Ethnicity,NH American Indian/Alaska Native,37.8,33.9,53.0
2017,KY,Kentucky,Race/Ethnicity,Non-Hispanic 2 or more races,30.5,28.7,38.6
2017,KY,Kentucky,Race/Ethnicity,Non-Hispanic Black,36.0,39.0,37.6
2017,KY,Kentucky,Race/Ethnicity,Non-Hispanic White,34.5,34.5,44.0
2017,KY,Kentucky,Sex,Female,32.5,37.6,39.4
2017,KY,Kentucky,Sex,Male,36.0,31.1,46.0
2017,KY,Kentucky,Total,Total,34.3,34.4,42.7
2017,LA,Louisiana,Age (years),18 - 24,21.0,23.6,49.8
2017,LA,Louisiana,Age (years),25 - 34,34.9,27.4,45.9
2017,LA,Louisiana,Age (years),35 - 44,38.3,31.7,42.2
2017,LA,Louisiana,Age (years),45 - 54,46.8,36.5,52.6
2017,LA,Louisiana,Age (years),55 - 64,39.3,35.3,44.3
2017,LA,Louisiana,Age (years),65 or older,34.2,34.3,37.9
2017,LA,Louisiana,Education,College graduate,30.2,18.2,39.9
2017,LA,Louisiana,Education,High school graduate,38.6,36.3,46.9
2017,LA,Louisiana,Education,Less than high school,36.4,46.3,56.1
2017,LA,Louisiana,Education,Some college or technical school,37.7,28.3,40.6
2017,LA,Louisiana,Income,"$15,000 - $24,999",36.7,37.7,48.3
2017,LA,Louisiana,Income,"$25,000 - $34,999",37.8,39.3,41.0
2017,LA,Louisiana,Income,"$35,000 - $49,999",38.8,33.6,43.5
2017,LA,Louisiana,Income,"$50,000 - $74,999",35.9,23.0,39.0
2017,LA,Louisiana,Income,"$75,000 or greater",35.2,19.8,42.9
2017,LA,Louisiana,Income,Data not reported,31.1,33.8,43.8
2017,LA,Louisiana,Income,"Less than $15,000",39.7,45.2,54.7
2017,LA,Louisiana,Race/Ethnicity,Hispanic,33.2,25.8,37.8
2017,LA,Louisiana,Race/Ethnicity,NH American Indian/Alaska Native,45.5,40.5,47.9
2017,LA,Louisiana,Race/Ethnicity,Non-Hispanic 2 or more races,40.9,38.1,53.9
2017,LA,Louisiana,Race/Ethnicity,Non-Hispanic Black,42.2,36.9,46.2
2017,LA,Louisiana,Race/Ethnicity,Non-Hispanic White,33.5,29.7,45.1
2017,LA,Louisiana,Sex,Female,36.5,33.5,43.1
2017,LA,Louisiana,Sex,Male,36.0,30.2,47.2
2017,LA,Louisiana,Total,Total,36.2,31.8,45.0
2017,MA,Massachusetts,Age (years),18 - 24,9.5,17.2,36.9
2017,MA,Massachusetts,Age (years),25 - 34,26.1,19.2,29.4
2017,MA,Massachusetts,Age (years),35 - 44,28.5,23.2,30.7
2017,MA,Massachusetts,Age (years),45 - 54,29.9,25.0,33.8
2017,MA,Massachusetts,Age (years),55 - 64,30.3,25.9,28.8
2017,MA,Massachusetts,Age (years),65 or older,26.8,34.1,29.4
2017,MA,Massachusetts,Education,College graduate,19.0,14.1,26.6
2017,MA,Massachusetts,Education,High school graduate,32.5,32.8,36.8
2017,MA,Massachusetts,Education,Less than high school,33.7,40.4,29.5
2017,MA,Massachusetts,Education,Some college or technical school,26.3,26.5,33.6
2017,MA,Massachusetts,Income,"$15,000 - $24,999",32.8,38.5,34.7
2017,MA,Massachusetts,Income,"$25,000 - $34,999",29.9,37.2,37.1
2017,MA,Massachusetts,Income,"$35,000 - $49,999",30.2,27.3,28.1
2017,MA,Massachusetts,Income,"$50,000 - $74,999",25.8,25.6,39.0
2017,MA,Massachusetts,Income,"$75,000 or greater",23.1,14.5,26.7
2017,MA,Massachusetts,Income,Data not reported,24.4,31.1,32.8
2017,MA,Massachusetts,Income,"Less than $15,000",34.3,37.4,37.7
2017,MA,Massachusetts,Race/Ethnicity,Hispanic,30.9,39.3,29.9
2017,MA,Massachusetts,Race/Ethnicity,Non-Hispanic 2 or more races,36.3,22.1,34.4
2017,MA,Massachusetts,Race/Ethnicity,Non-Hispanic Asian,10.1,17.8,30.1
2017,MA,Massachusetts,Race/Ethnicity,Non-Hispanic Black,30.6,26.0,39.5
2017,MA,Massachusetts,Race/Ethnicity,Non-Hispanic White,25.9,23.1,30.8
2017,MA,Massachusetts,Sex,Female,24.2,26.4,28.4
2017,MA,Massachusetts,Sex,Male,27.6,23.1,34.4
2017,MA,Massachusetts,Total,Total,25.9,24.8,31.2
2017,MD,Maryland,Age (years),18 - 24,18.4,19.9,41.0
2017,MD,Maryland,Age (years),25 - 34,26.3,22.7,34.1
2017,MD,Maryland,Age (years),35 - 44,36.3,24.1,33.5
2017,MD,Maryland,Age (years),45 - 54,36.7,25.9,35.6
2017,MD,Maryland,Age (years),55 - 64,35.3,26.5,33.1
2017,MD,Maryland,Age (years),65 or older,31.2,31.8,31.4
2017,MD,Maryland,Education,College graduate,24.5,14.0,26.9
2017,MD,Maryland,Education,High school graduate,35.7,34.7,41.1
2017,MD,Maryland,Education,Less than high school,39.9,41.5,36.2
2017,MD,Maryland,Education,Some college or technical school,33.2,26.7,36.9
2017,MD,Maryland,Income,"$15,000 - $24,999",38.6,38.4,33.9
2017,MD,Maryland,Income,"$25,000 - $34,999",36.1,37.1,35.0
2017,MD,Maryland,Income,"$35,000 - $49,999",32.7,30.7,35.6
2017,MD,Maryland,Income,"$50,000 - $74,999",32.8,25.1,38.0
2017,MD,Maryland,Income,"$75,000 or greater",29.3,17.4,30.9
2017,MD,Maryland,Income,Data not reported,24.9,26.9,35.1
2017,MD,Maryland,Income,"Less than $15,000",38.6,37.8,46.6
2017,MD,Maryland,Race/Ethnicity,Hispanic,29.4,30.4,25.3
2017,MD,Maryland,Race/Ethnicity,NH American Indian/Alaska Native,27.9,41.6,35.4
2017,MD,Maryland,Race/Ethnicity,Non-Hispanic 2 or more races,35.4,21.6,25.9
2017,MD,Maryland,Race/Ethnicity,Non-Hispanic Asian,7.4,21.2,28.5
2017,MD,Maryland,Race/Ethnicity,Non-Hispanic Black,42.1,27.2,39.3
2017,MD,Maryland,Race/Ethnicity,Non-Hispanic Other,28.9,33.0,25.9
2017,MD,Maryland,Race/Ethnicity,Non-Hispanic White,28.7,24.6,34.2
2017,MD,Maryland,Sex,Female,32.3,27.8,30.8
2017,MD,Maryland,Sex,Male,30.2,23.2,38.1
2017,MD,Maryland,Total,Total,31.3,25.6,34.3
2017,ME,Maine,Age (years),18 - 24,12.9,18.2,30.6
2017,ME,Maine,Age (years),25 - 34,26.9,19.7,34.0
2017,ME,Maine,Age (years),35 - 44,32.4,20.8,32.8
2017,ME,Maine,Age (years),45 - 54,34.6,28.0,32.7
2017,ME,Maine,Age (years),55 - 64,34.0,28.1,34.5
2017,ME,Maine,Age (years),65 or older,27.8,29.2,26.1
2017,ME,Maine,Education,College graduate,21.8,13.2,22.5
2017,ME,Maine,Education,High school graduate,33.4,31.9,38.0
2017,ME,Maine,Education,Less than high school,29.3,39.1,45.1
2017,ME,Maine,Education,Some college or technical school,31.1,25.5,29.3
2017,ME,Maine,Income,"$15,000 - $24,999",32.3,34.0,37.8
2017,ME,Maine,Income,"$25,000 - $34,999",33.2,31.1,31.6
2017,ME,Maine,Income,"$35,000 - $49,999",30.7,29.9,35.0
2017,ME,Maine,Income,"$50,000 - $74,999",32.6,21.1,30.4
2017,ME,Maine,Income,"$75,000 or greater",24.7,15.4,24.2
2017,ME,Maine,Income,Data not reported,19.1,26.5,30.8
2017,ME,Maine,Income,"Less than $15,000",32.0,34.2,41.7
2017,ME,Maine,Race/Ethnicity,Hispanic,36.7,31.6,22.1
2017,ME,Maine,Race/Ethnicity,NH American Indian/Alaska Native,29.3,27.0,29.2
2017,ME,Maine,Race/Ethnicity,Non-Hispanic 2 or more races,36.1,33.8,41.7
2017,ME,Maine,Race/Ethnicity,Non-Hispanic White,29.2,24.6,30.9
2017,ME,Maine,Sex,Female,26.9,23.7,26.7
2017,ME,Maine,Sex,Male,31.4,26.6,36.5
2017,ME,Maine,Total,Total,29.1,25.2,31.4
2017,MI,Michigan,Age (years),18 - 24,18.1,19.3,39.0
2017,MI,Michigan,Age (years),25 - 34,28.9,28.3,38.6
2017,MI,Michigan,Age (years),35 - 44,35.5,25.5,35.1
2017,MI,Michigan,Age (years),45 - 54,37.8,25.3,40.6
2017,MI,Michigan,Age (years),55 - 64,37.2,30.4,36.8
2017,MI,Michigan,Age (years),65 or older,32.4,30.9,30.5
2017,MI,Michigan,Education,College graduate,26.5,16.0,28.2
2017,MI,Michigan,Education,High school graduate,34.1,32.3,41.0
2017,MI,Michigan,Education,Less than high school,36.9,44.6,44.6
2017,MI,Michigan,Education,Some college or technical school,33.7,25.9,36.3
2017,MI,Michigan,Income,"$15,000 - $24,999",35.7,37.5,40.0
2017,MI,Michigan,Income,"$25,000 - $34,999",35.1,31.8,41.1
2017,MI,Michigan,Income,"$35,000 - $49,999",33.9,27.0,36.8
2017,MI,Michigan,Income,"$50,000 - $74,999",32.8,25.5,34.2
2017,MI,Michigan,Income,"$75,000 or greater",28.6,16.8,31.1
2017,MI,Michigan,Income,Data not reported,28.2,31.3,35.6
2017,MI,Michigan,Income,"Less than $15,000",39.7,36.4,47.8
2017,MI,Michigan,Race/Ethnicity,Hispanic,37.7,31.5,33.4
2017,MI,Michigan,Race/Ethnicity,NH American Indian/Alaska Native,31.9,32.1,34.5
2017,MI,Michigan,Race/Ethnicity,Non-Hispanic 2 or more races,28.8,25.9,42.0
2017,MI,Michigan,Race/Ethnicity,Non-Hispanic Asian,17.1,25.9,35.7
2017,MI,Michigan,Race/Ethnicity,Non-Hispanic Black,41.2,35.0,41.0
2017,MI,Michigan,Race/Ethnicity,Non-Hispanic White,30.9,25.7,36.0
2017,MI,Michigan,Sex,Female,33.2,29.0,33.0
2017,MI,Michigan,Sex,Male,31.4,25.3,40.0
2017,MI,Michigan,Total,Total,32.3,27.2,36.4
2017,MN,Minnesota,Age (years),18 - 24,15.2,17.5,35.7
2017,MN,Minnesota,Age (years),25 - 34,24.1,20.0,34.9
2017,MN,Minnesota,Age (years),35 - 44,33.5,23.7,31.8
2017,MN,Minnesota,Age (years),45 - 54,32.2,24.1,36.0
2017,MN,Minnesota,Age (years),55 - 64,33.0,27.4,31.2
2017,MN,Minnesota,Age (years),65 or older,28.8,31.4,26.3
2017,MN,Minnesota,Education,College graduate,22.9,14.1,23.6
2017,MN,Minnesota,Education,High school graduate,30.3,31.8,38.7
2017,MN,Minnesota,Education,Less than high school,31.7,43.9,40.2
2017,MN,Minnesota,Education,Some college or technical school,31.4,24.4,33.8
2017,MN,Minnesota,Income,"$15,000 - $24,999",33.6,35.2,37.8
2017,MN,Minnesota,Income,"$25,000 - $34,999",30.0,31.3,36.9
2017,MN,Minnesota,Income,"$35,000 - $49,999",29.0,28.4,32.3
2017,MN,Minnesota,Income,"$50,000 - $74,999",31.5,23.0,31.8
2017,MN,Minnesota,Income,"$75,000 or greater",25.9,15.6,28.5
2017,MN,Minnesota,Income,Data not reported,24.4,28.1,30.0
2017,MN,Minnesota,Income,"Less than $15,000",32.1,37.0,45.7
2017,MN,Minnesota,Race/Ethnicity,Hispanic,35.8,40.3,34.2
2017,MN,Minnesota,Race/Ethnicity,NH American Indian/Alaska Native,39.3,33.5,42.6
2017,MN,Minnesota,Race/Ethnicity,Non-Hispanic 2 or more races,38.2,25.1,30.1
2017,MN,Minnesota,Race/Ethnicity,Non-Hispanic Asian,16.7,22.1,37.6
2017,MN,Minnesota,Race/Ethnicity,Non-Hispanic Black,32.7,32.3,40.1
2017,MN,Minnesota,Race/Ethnicity,Non-Hispanic White,28.4,23.4,31.3
2017,MN,Minnesota,Sex,Female,26.4,24.5,27.8
2017,MN,Minnesota,Sex,Male,30.4,24.8,37.0
2017,MN,Minnesota,Total,Total,28.4,24.6,32.3
2017,MO,Missouri,Age (years),18 - 24,19.4,20.2,43.0
2017,MO,Missouri,Age (years),25 - 34,30.7,26.4,42.1
2017,MO,Missouri,Age (years),35 - 44,34.9,23.9,38.7
2017,MO,Missouri,Age (years),45 - 54,40.4,32.4,43.0
2017,MO,Missouri,Age (years),55 - 64,37.2,33.8,41.4
2017,MO,Missouri,Age (years),65 or older,29.8,33.9,34.0
2017,MO,Missouri,Education,College graduate,27.9,16.1,31.2
2017,MO,Missouri,Education,High school graduate,32.9,35.1,42.6
2017,MO,Missouri,Education,Less than high school,32.9,44.4,47.9
2017,MO,Missouri,Education,Some college or technical school,35.5,28.3,41.7
2017,MO,Missouri,Income,"$15,000 - $24,999",31.6,33.2,40.9
2017,MO,Missouri,Income,"$25,000 - $34,999",32.7,36.0,37.2
2017,MO,Missouri,Income,"$35,000 - $49,999",34.9,31.8,40.7
2017,MO,Missouri,Income,"$50,000 - $74,999",32.2,27.2,41.3
2017,MO,Missouri,Income,"$75,000 or greater",30.9,17.9,36.5
2017,MO,Missouri,Income,Data not reported,30.5,30.2,41.6
2017,MO,Missouri,Income,"Less than $15,000",39.0,47.9,45.9
2017,MO,Missouri,Race/Ethnicity,Hispanic,24.0,18.7,32.0
2017,MO,Missouri,Race/Ethnicity,NH American Indian/Alaska Native,29.0,22.5,40.9
2017,MO,Missouri,Race/Ethnicity,Non-Hispanic 2 or more races,33.5,24.0,35.4
2017,MO,Missouri,Race/Ethnicity,Non-Hispanic Asian,10.1,12.8,35.4
2017,MO,Missouri,Race/Ethnicity,Non-Hispanic Black,40.8,36.1,39.8
2017,MO,Missouri,Race/Ethnicity,Non-Hispanic White,32.0,29.2,40.4
2017,MO,Missouri,Sex,Female,33.5,29.9,36.7
2017,MO,Missouri,Sex,Male,31.5,28.4,43.4
2017,MO,Missouri,Total,Total,32.5,29.2,39.9
2017,MS,Mississippi,Age (years),18 - 24,24.2,21.8,49.1
2017,MS,Mississippi,Age (years),25 - 34,39.9,29.0,44.8
2017,MS,Mississippi,Age (years),35 - 44,41.1,30.1,47.3
2017,MS,Mississippi,Age (years),45 - 54,41.4,35.9,50.2
2017,MS,Mississippi,Age (years),55 - 64,42.9,40.2,47.3
2017,MS,Mississippi,Age (years),65 or older,33.1,37.6,41.1
2017,MS,Mississippi,Education,College graduate,31.5,21.1,38.3
2017,MS,Mississippi,Education,High school graduate,37.6,35.9,47.0
2017,MS,Mississippi,Education,Less than high school,42.8,49.8,60.8
2017,MS,Mississippi,Education,Some college or technical school,37.8,29.7,43.1
2017,MS,Mississippi,Income,"$15,000 - $24,999",40.4,40.2,51.4
2017,MS,Mississippi,Income,"$25,000 - $34,999",37.7,34.2,47.2
2017,MS,Mississippi,Income,"$35,000 - $49,999",36.5,26.7,43.6
2017,MS,Mississippi,Income,"$50,000 - $74,999",36.6,29.2,35.0
2017,MS,Mississippi,Income,"$75,000 or greater",29.3,22.0,43.5
2017,MS,Mississippi,Income,Data not reported,36.1,33.1,45.8
2017,MS,Mississippi,Income,"Less than $15,000",44.9,46.3,54.7
2017,MS,Mississippi,Race/Ethnicity,NH American Indian/Alaska Native,41.9,44.3,63.9
2017,MS,Mississippi,Race/Ethnicity,Non-Hispanic 2 or more races,29.6,32.2,50.0
2017,MS,Mississippi,Race/Ethnicity,Non-Hispanic Black,45.9,36.2,46.9
2017,MS,Mississippi,Race/Ethnicity,Non-Hispanic White,33.0,31.2,46.0
2017,MS,Mississippi,Sex,Female,38.8,36.6,44.8
2017,MS,Mississippi,Sex,Male,35.7,29.3,48.0
2017,MS,Mississippi,Total,Total,37.3,33.2,46.3
2017,MT,Montana,Age (years),18 - 24,14.2,15.8,44.4
2017,MT,Montana,Age (years),25 - 34,22.3,17.2,35.6
2017,MT,Montana,Age (years),35 - 44,29.1,21.1,39.7
2017,MT,Montana,Age (years),45 - 54,31.4,29.3,37.4
2017,MT,Montana,Age (years),55 - 64,30.1,29.9,37.6
2017,MT,Montana,Age (years),65 or older,23.1,30.7,29.1
2017,MT,Montana,Education,College graduate,23.1,14.4,28.5
2017,MT,Montana,Education,High school graduate,25.4,31.0,42.1
2017,MT,Montana,Education,Less than high school,28.4,44.8,43.3
2017,MT,Montana,Education,Some college or technical school,26.2,23.2,36.1
2017,MT,Montana,Income,"$15,000 - $24,999",25.3,32.5,39.9
2017,MT,Montana,Income,"$25,000 - $34,999",22.0,29.9,36.0
2017,MT,Montana,Income,"$35,000 - $49,999",26.1,27.9,33.6
2017,MT,Montana,Income,"$50,000 - $74,999",27.6,18.5,36.8
2017,MT,Montana,Income,"$75,000 or greater",25.8,16.2,33.1
2017,MT,Montana,Income,Data not reported,20.6,26.5,35.0
2017,MT,Montana,Income,"Less than $15,000",30.1,32.5,45.1
2017,MT,Montana,Race/Ethnicity,Hispanic,28.8,18.7,41.0
2017,MT,Montana,Race/Ethnicity,NH American Indian/Alaska Native,43.2,35.1,40.1
2017,MT,Montana,Race/Ethnicity,Non-Hispanic 2 or more races,35.2,30.4,33.5
2017,MT,Montana,Race/Ethnicity,Non-Hispanic White,24.2,24.2,36.3
2017,MT,Montana,Sex,Female,23.3,23.3,31.4
2017,MT,Montana,Sex,Male,27.2,26.6,41.3
2017,MT,Montana,Total,Total,25.3,25.0,36.4
2017,NC,North Carolina,Age (years),18 - 24,15.6,15.1,37.2
2017,NC,North Carolina,Age (years),25 - 34,32.6,20.1,33.5
2017,NC,North Carolina,Age (years),35 - 44,34.2,25.2,37.4
2017,NC,North Carolina,Age (years),45 - 54,40.2,27.0,42.7
2017,NC,North Carolina,Age (years),55 - 64,36.2,26.7,35.8
2017,NC,North Carolina,Age (years),65 or older,30.3,34.3,37.4
2017,NC,North Carolina,Education,College graduate,24.0,14.6,30.9
2017,NC,North Carolina,Education,High school graduate,32.4,30.2,42.6
2017,NC,North Carolina,Education,Less than high school,35.5,41.1,41.0
2017,NC,North Carolina,Education,Some college or technical school,36.9,24.0,36.8
2017,NC,North Carolina,Income,"$15,000 - $24,999",38.8,34.0,41.0
2017,NC,North Carolina,Income,"$25,000 - $34,999",30.8,27.1,36.2
2017,NC,North Carolina,Income,"$35,000 - $49,999",33.5,22.3,40.9
2017,NC,North Carolina,Income,"$50,000 - $74,999",32.3,20.0,33.4
2017,NC,North Carolina,Income,"$75,000 or greater",29.2,15.7,34.0
2017,NC,North Carolina,Income,Data not reported,26.0,33.2,39.8
2017,NC,North Carolina,Income,"Less than $15,000",39.5,36.1,38.6
2017,NC,North Carolina,Race/Ethnicity,Hispanic,28.1,34.0,28.7
2017,NC,North Carolina,Race/Ethnicity,NH American Indian/Alaska Native,36.0,25.4,50.8
2017,NC,North Carolina,Race/Ethnicity,Non-Hispanic 2 or more races,31.0,17.1,36.2
2017,NC,North Carolina,Race/Ethnicity,Non-Hispanic Black,41.8,31.3,42.6
2017,NC,North Carolina,Race/Ethnicity,Non-Hispanic White,30.3,23.3,36.6
2017,NC,North Carolina,Sex,Female,33.8,25.9,35.4
2017,NC,North Carolina,Sex,Male,30.5,25.1,39.5
2017,NC,North Carolina,Total,Total,32.1,25.6,37.4
2017,ND,North Dakota,Age (years),18 - 24,21.5,19.4,40.4
2017,ND,North Dakota,Age (years),25 - 34,31.5,22.4,33.8
2017,ND,North Dakota,Age (years),35 - 44,38.5,28.9,38.8
2017,ND,North Dakota,Age (years),45 - 54,38.0,26.8,41.1
2017,ND,North Dakota,Age (years),55 - 64,38.6,30.5,38.4
2017,ND,North Dakota,Age (years),65 or older,32.1,36.2,31.1
2017,ND,North Dakota,Education,College graduate,26.6,16.3,31.0
2017,ND,North Dakota,Education,High school graduate,36.7,34.9,40.4
2017,ND,North Dakota,Education,Less than high school,30.8,45.5,40.4
2017,ND,North Dakota,Education,Some college or technical school,35.6,26.5,37.4
2017,ND,North Dakota,Income,"$15,000 - $24,999",36.7,33.0,41.3
2017,ND,North Dakota,Income,"$25,000 - $34,999",31.5,31.5,40.2
2017,ND,North Dakota,Income,"$35,000 - $49,999",38.3,26.7,31.9
2017,ND,North Dakota,Income,"$50,000 - $74,999",33.1,26.9,39.1
2017,ND,North Dakota,Income,"$75,000 or greater",30.4,23.4,33.3
2017,ND,North Dakota,Income,Data not reported,28.7,29.2,34.7
2017,ND,North Dakota,Income,"Less than $15,000",37.3,35.5,48.9
2017,ND,North Dakota,Race/Ethnicity,Hispanic,38.7,33.1,16.8
2017,ND,North Dakota,Race/Ethnicity,NH American Indian/Alaska Native,46.4,36.1,45.2
2017,ND,North Dakota,Race/Ethnicity,Non-Hispanic 2 or more races,42.7,14.1,24.9
2017,ND,North Dakota,Race/Ethnicity,Non-Hispanic Black,26.8,32.2,37.3
2017,ND,North Dakota,Race/Ethnicity,Non-Hispanic White,32.8,27.3,37.4
2017,ND,North Dakota,Sex,Female,31.2,27.8,31.2
2017,ND,North Dakota,Sex,Male,35.0,27.4,42.2
2017,ND,North Dakota,Total,Total,33.2,27.6,36.8
2017,NE,Nebraska,Age (years),18 - 24,18.0,17.8,41.6
2017,NE,Nebraska,Age (years),25 - 34,30.6,21.8,37.3
2017,NE,Nebraska,Age (years),35 - 44,36.0,23.5,36.3
2017,NE,Nebraska,Age (years),45 - 54,39.6,28.4,40.1
2017,NE,Nebraska,Age (years),55 - 64,38.7,27.6,38.0
2017,NE,Nebraska,Age (years),65 or older,31.8,30.5,30.5
2017,NE,Nebraska,Education,College graduate,29.2,14.0,29.4
2017,NE,Nebraska,Education,High school graduate,34.3,32.2,41.2
2017,NE,Nebraska,Education,Less than high school,35.3,44.2,38.7
2017,NE,Nebraska,Education,Some college or technical school,33.8,24.2,39.1
2017,NE,Nebraska,Income,"$15,000 - $24,999",35.1,36.9,37.8
2017,NE,Nebraska,Income,"$25,000 - $34,999",36.1,30.9,36.8
2017,NE,Nebraska,Income,"$35,000 - $49,999",35.0,25.0,38.2
2017,NE,Nebraska,Income,"$50,000 - $74,999",35.0,22.3,36.5
2017,NE,Nebraska,Income,"$75,000 or greater",29.3,16.6,34.1
2017,NE,Nebraska,Income,Data not reported,26.9,30.8,38.3
2017,NE,Nebraska,Income,"Less than $15,000",37.5,32.0,42.8
2017,NE,Nebraska,Race/Ethnicity,Hispanic,34.6,35.7,30.9
2017,NE,Nebraska,Race/Ethnicity,NH American Indian/Alaska Native,33.2,24.0,40.5
2017,NE,Nebraska,Race/Ethnicity,Non-Hispanic 2 or more races,41.9,24.6,48.9
2017,NE,Nebraska,Race/Ethnicity,Non-Hispanic Asian,4.1,22.5,30.9
2017,NE,Nebraska,Race/Ethnicity,Non-Hispanic Black,44.9,31.1,43.5
2017,NE,Nebraska,Race/Ethnicity,Non-Hispanic White,32.2,24.0,37.0
2017,NE,Nebraska,Sex,Female,32.3,25.0,31.9
2017,NE,Nebraska,Sex,Male,33.2,25.7,42.0
2017,NE,Nebraska,Total,Total,32.8,25.4,36.9
2017,NH,New Hampshire,Age (years),18 - 24,17.1,11.5,34.8
2017,NH,New Hampshire,Age (years),25 - 34,29.6,23.4,31.0
2017,NH,New Hampshire,Age (years),35 - 44,28.9,26.3,32.0
2017,NH,New Hampshire,Age (years),45 - 54,32.4,23.7,33.0
2017,NH,New Hampshire,Age (years),55 - 64,28.4,25.9,28.9
2017,NH,New Hampshire,Age (years),65 or older,29.0,27.8,25.5
2017,NH,New Hampshire,Education,College graduate,22.1,14.3,23.2
2017,NH,New Hampshire,Education,High school graduate,31.5,30.0,33.2
2017,NH,New Hampshire,Education,Less than high school,36.3,42.2,38.3
2017,NH,New Hampshire,Education,Some college or technical school,29.1,24.2,33.5
2017,NH,New Hampshire,Income,"$15,000 - $24,999",33.3,38.0,34.5
2017,NH,New Hampshire,Income,"$25,000 - $34,999",31.5,29.6,34.9
2017,NH,New Hampshire,Income,"$35,000 - $49,999",25.6,27.7,33.5
2017,NH,New Hampshire,Income,"$50,000 - $74,999",26.7,23.2,30.1
2017,NH,New Hampshire,Income,"$75,000 or greater",27.2,16.1,28.5
2017,NH,New Hampshire,Income,Data not reported,25.8,25.3,27.8
2017,NH,New Hampshire,Income,"Less than $15,000",36.5,41.1,33.6
2017,NH,New Hampshire,Race/Ethnicity,Hispanic,35.4,34.9,18.8
2017,NH,New Hampshire,Race/Ethnicity,Non-Hispanic 2 or more races,25.9,21.9,28.7
2017,NH,New Hampshire,Race/Ethnicity,Non-Hispanic Asian,6.9,29.7,33.9
2017,NH,New Hampshire,Race/Ethnicity,Non-Hispanic White,28.3,23.0,30.4
2017,NH,New Hampshire,Sex,Female,25.4,25.3,27.1
2017,NH,New Hampshire,Sex,Male,30.6,22.3,33.8
2017,NH,New Hampshire,Total,Total,28.1,23.9,30.3
2017,NJ,New Jersey,Age (years),18 - 24,15.3,14.8,35.5
2017,NJ,New Jersey,Age (years),25 - 34,25.7,24.9,36.3
2017,NJ,New Jersey,Age (years),35 - 44,28.6,30.8,35.1
2017,NJ,New Jersey,Age (years),45 - 54,32.9,30.7,32.1
2017,NJ,New Jersey,Age (years),55 - 64,29.8,29.3,34.4
2017,NJ,New Jersey,Age (years),65 or older,26.6,37.2,30.2
2017,NJ,New Jersey,Education,College graduate,19.2,19.2,27.1
2017,NJ,New Jersey,Education,High school graduate,33.5,32.7,38.8
2017,NJ,New Jersey,Education,Less than high school,36.3,50.3,37.2
2017,NJ,New Jersey,Education,Some college or technical school,28.0,28.4,35.4
2017,NJ,New Jersey,Income,"$15,000 - $24,999",33.1,38.3,34.7
2017,NJ,New Jersey,Income,"$25,000 - $34,999",33.4,39.7,35.9
2017,NJ,New Jersey,Income,"$35,000 - $49,999",33.1,36.4,33.2
2017,NJ,New Jersey,Income,"$50,000 - $74,999",28.6,27.2,36.9
2017,NJ,New Jersey,Income,"$75,000 or greater",23.6,19.7,31.6
2017,NJ,New Jersey,Income,Data not reported,22.5,31.3,32.8
2017,NJ,New Jersey,Income,"Less than $15,000",32.8,42.6,39.2
2017,NJ,New Jersey,Race/Ethnicity,Hispanic,32.6,36.9,33.8
2017,NJ,New Jersey,Race/Ethnicity,NH American Indian/Alaska Native,33.3,21.6,27.5
2017,NJ,New Jersey,Race/Ethnicity,Non-Hispanic 2 or more races,29.2,34.4,34.7
2017,NJ,New Jersey,Race/Ethnicity,Non-Hispanic Asian,10.3,20.0,29.4
2017,NJ,New Jersey,Race/Ethnicity,Non-Hispanic Black,36.1,34.0,39.4
2017,NJ,New Jersey,Race/Ethnicity,Non-Hispanic Other,35.6,35.9,24.4
2017,NJ,New Jersey,Race/Ethnicity,Non-Hispanic White,26.8,26.7,33.5
2017,NJ,New Jersey,Sex,Female,25.2,31.5,29.9
2017,NJ,New Jersey,Sex,Male,29.3,26.4,37.8
2017,NJ,New Jersey,Total,Total,27.3,29.0,33.7
2017,NM,New Mexico,Age (years),18 - 24,17.1,17.7,38.1
2017,NM,New Mexico,Age (years),25 - 34,30.4,17.8,43.4
2017,NM,New Mexico,Age (years),35 - 44,34.3,24.6,38.4
2017,NM,New Mexico,Age (years),45 - 54,34.7,24.0,37.4
2017,NM,New Mexico,Age (years),55 - 64,33.0,27.8,36.8
2017,NM,New Mexico,Age (years),65 or older,21.6,31.1,32.6
2017,NM,New Mexico,Education,College graduate,24.3,13.8,32.0
2017,NM,New Mexico,Education,High school graduate,29.1,29.8,38.9
2017,NM,New Mexico,Education,Less than high school,33.6,33.1,39.8
2017,NM,New Mexico,Education,Some college or technical school,28.1,24.3,39.1
2017,NM,New Mexico,Income,"$15,000 - $24,999",28.6,27.4,33.3
2017,NM,New Mexico,Income,"$25,000 - $34,999",27.7,27.4,37.5
2017,NM,New Mexico,Income,"$35,000 - $49,999",27.9,23.5,38.4
2017,NM,New Mexico,Income,"$50,000 - $74,999",28.5,19.1,40.9
2017,NM,New Mexico,Income,"$75,000 or greater",27.3,16.5,36.2
2017,NM,New Mexico,Income,Data not reported,22.5,27.6,33.1
2017,NM,New Mexico,Income,"Less than $15,000",35.9,33.1,46.1
2017,NM,New Mexico,Race/Ethnicity,Hispanic,30.8,26.4,38.0
2017,NM,New Mexico,Race/Ethnicity,NH American Indian/Alaska Native,39.1,22.1,33.7
2017,NM,New Mexico,Race/Ethnicity,Non-Hispanic 2 or more races,23.3,11.9,32.6
2017,NM,New Mexico,Race/Ethnicity,Non-Hispanic Black,27.2,24.8,35.9
2017,NM,New Mexico,Race/Ethnicity,Non-Hispanic White,24.6,23.0,37.6
2017,NM,New Mexico,Sex,Female,29.4,26.7,33.9
2017,NM,New Mexico,Sex,Male,27.4,22.2,41.2
2017,NM,New Mexico,Total,Total,28.4,24.5,37.4
2017,NV,Nevada,Age (years),18 - 24,17.4,22.7,44.3
2017,NV,Nevada,Age (years),25 - 34,28.9,22.4,34.6
2017,NV,Nevada,Age (years),35 - 44,25.3,28.9,34.4
2017,NV,Nevada,Age (years),45 - 54,32.6,31.2,41.8
2017,NV,Nevada,Age (years),55 - 64,27.4,27.0,37.8
2017,NV,Nevada,Age (years),65 or older,25.0,33.4,35.5
2017,NV,Nevada,Education,College graduate,19.9,16.7,32.7
2017,NV,Nevada,Education,High school graduate,29.1,34.8,39.9
2017,NV,Nevada,Education,Less than high school,27.0,42.3,33.3
2017,NV,Nevada,Education,Some college or technical school,28.8,23.3,40.4
2017,NV,Nevada,Income,"$15,000 - $24,999",29.2,33.8,38.9
2017,NV,Nevada,Income,"$25,000 - $34,999",28.5,37.0,42.4
2017,NV,Nevada,Income,"$35,000 - $49,999",29.7,25.5,39.5
2017,NV,Nevada,Income,"$50,000 - $74,999",23.5,26.6,37.0
2017,NV,Nevada,Income,"$75,000 or greater",25.1,20.4,36.1
2017,NV,Nevada,Income,Data not reported,25.5,29.0,37.9
2017,NV,Nevada,Income,"Less than $15,000",27.2,33.7,30.4
2017,NV,Nevada,Race/Ethnicity,Hispanic,26.4,37.7,29.7
2017,NV,Nevada,Race/Ethnicity,NH American Indian/Alaska Native,50.8,13.7,46.7
2017,NV,Nevada,Race/Ethnicity,Non-Hispanic 2 or more races,37.3,24.3,25.2
2017,NV,Nevada,Race/Ethnicity,Non-Hispanic Asian,25.2,29.0,50.2
2017,NV,Nevada,Race/Ethnicity,Non-Hispanic Black,32.8,27.6,42.5
2017,NV,Nevada,Race/Ethnicity,Non-Hispanic White,25.1,23.4,38.5
2017,NV,Nevada,Sex,Female,27.1,26.3,33.8
2017,NV,Nevada,Sex,Male,26.3,29.7,41.3
2017,NV,Nevada,Total,Total,26.7,28.0,37.6
2017,NY,New York,Age (years),18 - 24,12.3,19.4,37.5
2017,NY,New York,Age (years),25 - 34,22.0,24.9,35.0
2017,NY,New York,Age (years),35 - 44,28.4,28.2,33.6
2017,NY,New York,Age (years),45 - 54,28.9,29.1,36.1
2017,NY,New York,Age (years),55 - 64,31.8,27.6,34.3
2017,NY,New York,Age (years),65 or older,26.9,30.8,26.9
2017,NY,New York,Education,College graduate,18.7,16.1,28.5
2017,NY,New York,Education,High school graduate,28.1,34.8,35.3
2017,NY,New York,Education,Less than high school,33.3,44.4,42.4
2017,NY,New York,Education,Some college or technical school,28.2,24.5,33.8
2017,NY,New York,Income,"$15,000 - $24,999",28.6,36.1,37.2
2017,NY,New York,Income,"$25,000 - $34,999",27.1,32.8,34.3
2017,NY,New York,Income,"$35,000 - $49,999",29.5,29.1,34.2
2017,NY,New York,Income,"$50,000 - $74,999",28.3,24.8,33.6
2017,NY,New York,Income,"$75,000 or greater",20.7,17.0,29.6
2017,NY,New York,Income,Data not reported,21.7,31.3,33.0
2017,NY,New York,Income,"Less than $15,000",34.9,38.8,40.5
2017,NY,New York,Race/Ethnicity,Hispanic,27.1,37.1,37.9
2017,NY,New York,Race/Ethnicity,NH American Indian/Alaska Native,20.3,27.8,45.2
2017,NY,New York,Race/Ethnicity,Non-Hispanic 2 or more races,23.0,25.3,37.4
2017,NY,New York,Race/Ethnicity,Non-Hispanic Asian,12.2,28.1,29.1
2017,NY,New York,Race/Ethnicity,Non-Hispanic Black,35.5,33.5,37.6
2017,NY,New York,Race/Ethnicity,Non-Hispanic White,25.3,22.5,31.8
2017,NY,New York,Sex,Female,25.3,29.7,31.0
2017,NY,New York,Sex,Male,26.1,24.3,36.2
2017,NY,New York,Total,Total,25.7,27.2,33.5
2017,OH,Ohio,Age (years),18 - 24,18.9,20.5,37.6
2017,OH,Ohio,Age (years),25 - 34,32.5,22.3,38.9
2017,OH,Ohio,Age (years),35 - 44,38.8,28.1,36.1
2017,OH,Ohio,Age (years),45 - 54,41.7,31.8,41.8
2017,OH,Ohio,Age (years),55 - 64,37.5,31.9,39.3
2017,OH,Ohio,Age (years),65 or older,30.9,37.6,33.5
2017,OH,Ohio,Education,College graduate,26.6,16.8,26.4
2017,OH,Ohio,Education,High school graduate,36.0,37.4,44.5
2017,OH,Ohio,Education,Less than high school,39.2,46.7,46.5
2017,OH,Ohio,Education,Some college or technical school,35.1,25.5,36.6
2017,OH,Ohio,Income,"$15,000 - $24,999",37.9,37.1,39.3
2017,OH,Ohio,Income,"$25,000 - $34,999",36.7,36.6,42.2
2017,OH,Ohio,Income,"$35,000 - $49,999",36.4,31.6,39.1
2017,OH,Ohio,Income,"$50,000 - $74,999",35.4,24.5,34.9
2017,OH,Ohio,Income,"$75,000 or greater",29.4,19.2,31.7
2017,OH,Ohio,Income,Data not reported,28.3,33.0,39.3
2017,OH,Ohio,Income,"Less than $15,000",39.0,40.5,49.5
2017,OH,Ohio,Race/Ethnicity,Hispanic,38.2,37.5,39.1
2017,OH,Ohio,Race/Ethnicity,NH American Indian/Alaska Native,28.0,24.6,48.9
2017,OH,Ohio,Race/Ethnicity,Non-Hispanic 2 or more races,29.2,14.8,31.7
2017,OH,Ohio,Race/Ethnicity,Non-Hispanic Asian,18.2,30.4,30.0
2017,OH,Ohio,Race/Ethnicity,Non-Hispanic Black,41.7,34.6,40.2
2017,OH,Ohio,Race/Ethnicity,Non-Hispanic White,33.1,29.0,37.6
2017,OH,Ohio,Sex,Female,34.1,31.0,34.2
2017,OH,Ohio,Sex,Male,33.5,28.1,41.6
2017,OH,Ohio,Total,Total,33.8,29.6,37.7
2017,OK,Oklahoma,Age (years),18 - 24,28.2,24.4,47.2
2017,OK,Oklahoma,Age (years),25 - 34,31.7,25.2,45.1
2017,OK,Oklahoma,Age (years),35 - 44,43.2,29.2,49.3
2017,OK,Oklahoma,Age (years),45 - 54,44.0,36.2,45.7
2017,OK,Oklahoma,Age (years),55 - 64,40.0,36.6,47.9
2017,OK,Oklahoma,Age (years),65 or older,31.9,39.5,41.3
2017,OK,Oklahoma,Education,College graduate,29.9,19.3,38.5
2017,OK,Oklahoma,Education,High school graduate,37.9,38.0,51.1
2017,OK,Oklahoma,Education,Less than high school,37.9,43.8,46.6
2017,OK,Oklahoma,Education,Some college or technical school,38.8,31.3,45.7
2017,OK,Oklahoma,Income,"$15,000 - $24,999",45.3,36.6,46.3
2017,OK,Oklahoma,Income,"$25,000 - $34,999",36.7,33.2,49.4
2017,OK,Oklahoma,Income,"$35,000 - $49,999",37.4,31.4,45.2
2017,OK,Oklahoma,Income,"$50,000 - $74,999",36.3,28.7,45.8
2017,OK,Oklahoma,Income,"$75,000 or greater",33.1,21.9,42.2
2017,OK,Oklahoma,Income,Data not reported,31.7,37.5,44.5
2017,OK,Oklahoma,Income,"Less than $15,000",38.6,43.0,53.7
2017,OK,Oklahoma,Race/Ethnicity,Hispanic,36.0,32.5,40.8
2017,OK,Oklahoma,Race/Ethnicity,NH American Indian/Alaska Native,46.3,31.1,45.9
2017,OK,Oklahoma,Race/Ethnicity,Non-Hispanic 2 or more races,34.6,30.4,52.3
2017,OK,Oklahoma,Race/Ethnicity,Non-Hispanic Asian,15.4,14.0,36.4
2017,OK,Oklahoma,Race/Ethnicity,Non-Hispanic Black,36.5,32.3,49.3
2017,OK,Oklahoma,Race/Ethnicity,Non-Hispanic White,36.3,33.1,45.9
2017,OK,Oklahoma,Sex,Female,36.1,34.8,44.1
2017,OK,Oklahoma,Sex,Male,36.9,29.7,47.7
2017,OK,Oklahoma,Total,Total,36.5,32.4,45.8
2017,OR,Oregon,Age (years),18 - 24,17.9,15.3,42.9
2017,OR,Oregon,Age (years),25 - 34,25.5,18.4,35.3
2017,OR,Oregon,Age (years),35 - 44,30.5,18.4,32.6
2017,OR,Oregon,Age (years),45 - 54,34.0,22.1,31.8
2017,OR,Oregon,Age (years),55 - 64,34.3,24.6,32.5
2017,OR,Oregon,Age (years),65 or older,30.3,26.2,27.6
2017,OR,Oregon,Education,College graduate,20.2,12.5,24.5
2017,OR,Oregon,Education,High school graduate,33.2,27.2,41.6
2017,OR,Oregon,Education,Less than high school,37.9,35.9,42.8
2017,OR,Oregon,Education,Some college or technical school,31.9,20.4,31.6
2017,OR,Oregon,Income,"$15,000 - $24,999",35.1,26.9,41.0
2017,OR,Oregon,Income,"$25,000 - $34,999",32.9,25.6,35.8
2017,OR,Oregon,Income,"$35,000 - $49,999",32.8,24.8,35.1
2017,OR,Oregon,Income,"$50,000 - $74,999",30.7,20.3,28.3
2017,OR,Oregon,Income,"$75,000 or greater",24.0,12.8,24.4
2017,OR,Oregon,Income,Data not reported,23.9,22.7,37.6
2017,OR,Oregon,Income,"Less than $15,000",37.5,31.0,41.6
2017,OR,Oregon,Race/Ethnicity,Hispanic,33.4,27.3,33.1
2017,OR,Oregon,Race/Ethnicity,NH American Indian/Alaska Native,43.7,39.2,20.4
2017,OR,Oregon,Race/Ethnicity,Non-Hispanic 2 or more races,30.5,29.6,36.8
2017,OR,Oregon,Race/Ethnicity,Non-Hispanic Asian,8.7,18.2,40.7
2017,OR,Oregon,Race/Ethnicity,Non-Hispanic Black,29.5,17.1,45.1
2017,OR,Oregon,Race/Ethnicity,Non-Hispanic White,29.2,20.0,32.6
2017,OR,Oregon,Sex,Female,30.0,22.4,29.1
2017,OR,Oregon,Sex,Male,28.7,20.3,37.1
2017,OR,Oregon,Total,Total,29.4,21.4,33.0
2017,PA,Pennsylvania,Age (years),18 - 24,15.9,12.4,34.8
2017,PA,Pennsylvania,Age (years),25 - 34,29.8,19.3,34.8
2017,PA,Pennsylvania,Age (years),35 - 44,33.0,26.6,35.5
2017,PA,Pennsylvania,Age (years),45 - 54,34.6,25.2,37.0
2017,PA,Pennsylvania,Age (years),55 - 64,38.7,25.7,33.2
2017,PA,Pennsylvania,Age (years),65 or older,32.4,33.2,30.8
2017,PA,Pennsylvania,Education,College graduate,26.1,14.8,27.1
2017,PA,Pennsylvania,Education,High school graduate,34.0,32.1,36.6
2017,PA,Pennsylvania,Education,Less than high school,36.1,38.9,38.3
2017,PA,Pennsylvania,Education,Some college or technical school,32.1,20.4,36.5
2017,PA,Pennsylvania,Income,"$15,000 - $24,999",36.3,37.0,38.4
2017,PA,Pennsylvania,Income,"$25,000 - $34,999",29.1,31.4,33.9
2017,PA,Pennsylvania,Income,"$35,000 - $49,999",32.2,24.4,33.5
2017,PA,Pennsylvania,Income,"$50,000 - $74,999",34.4,22.5,39.1
2017,PA,Pennsylvania,Income,"$75,000 or greater",28.9,15.2,28.5
2017,PA,Pennsylvania,Income,Data not reported,27.7,27.7,29.9
2017,PA,Pennsylvania,Income,"Less than $15,000",37.6,36.4,48.3
2017,PA,Pennsylvania,Race/Ethnicity,Hispanic,25.0,32.2,34.3
2017,PA,Pennsylvania,Race/Ethnicity,Non-Hispanic 2 or more races,48.4,34.0,30.9
2017,PA,Pennsylvania,Race/Ethnicity,Non-Hispanic Asian,8.1,25.5,29.8
2017,PA,Pennsylvania,Race/Ethnicity,Non-Hispanic Black,38.1,24.7,39.4
2017,PA,Pennsylvania,Race/Ethnicity,Non-Hispanic White,31.5,24.3,33.5
2017,PA,Pennsylvania,Sex,Female,30.5,25.9,31.0
2017,PA,Pennsylvania,Sex,Male,32.7,23.8,37.3
2017,PA,Pennsylvania,Total,Total,31.6,24.9,34.1
2017,RI,Rhode Island,Age (years),18 - 24,15.8,18.1,42.1
2017,RI,Rhode Island,Age (years),25 - 34,30.9,23.2,35.3
2017,RI,Rhode Island,Age (years),35 - 44,32.3,26.2,28.0
2017,RI,Rhode Island,Age (years),45 - 54,35.8,25.8,35.5
2017,RI,Rhode Island,Age (years),55 - 64,34.3,28.0,34.2
2017,RI,Rhode Island,Age (years),65 or older,28.3,32.3,29.5
2017,RI,Rhode Island,Education,College graduate,23.5,14.4,23.3
2017,RI,Rhode Island,Education,High school graduate,34.2,31.6,39.0
2017,RI,Rhode Island,Education,Less than high school,37.6,39.8,40.2
2017,RI,Rhode Island,Education,Some college or technical school,29.3,27.7,37.0
2017,RI,Rhode Island,Income,"$15,000 - $24,999",34.6,35.9,38.2
2017,RI,Rhode Island,Income,"$25,000 - $34,999",30.8,35.1,38.6
2017,RI,Rhode Island,Income,"$35,000 - $49,999",33.9,27.6,30.0
2017,RI,Rhode Island,Income,"$50,000 - $74,999",30.2,23.5,31.8
2017,RI,Rhode Island,Income,"$75,000 or greater",27.7,16.2,29.5
2017,RI,Rhode Island,Income,Data not reported,26.1,28.1,34.0
2017,RI,Rhode Island,Income,"Less than $15,000",34.3,40.2,45.7
2017,RI,Rhode Island,Race/Ethnicity,Hispanic,34.8,33.1,35.3
2017,RI,Rhode Island,Race/Ethnicity,Non-Hispanic 2 or more races,20.3,24.6,33.9
2017,RI,Rhode Island,Race/Ethnicity,Non-Hispanic Asian,9.8,23.9,48.5
2017,RI,Rhode Island,Race/Ethnicity,Non-Hispanic Black,34.0,28.4,40.3
2017,RI,Rhode Island,Race/Ethnicity,Non-Hispanic Other,24.6,28.0,28.9
2017,RI,Rhode Island,Race/Ethnicity,Non-Hispanic White,29.7,25.2,33.1
2017,RI,Rhode Island,Sex,Female,29.0,29.1,32.1
2017,RI,Rhode Island,Sex,Male,31.0,23.1,35.5
2017,RI,Rhode Island,Total,Total,30.0,26.3,33.7
2017,SC,South Carolina,Age (years),18 - 24,22.3,17.7,40.1
2017,SC,South Carolina,Age (years),25 - 34,33.7,25.8,41.1
2017,SC,South Carolina,Age (years),35 - 44,39.7,28.9,41.3
2017,SC,South Carolina,Age (years),45 - 54,42.3,30.3,44.8
2017,SC,South Carolina,Age (years),55 - 64,37.4,31.3,42.8
2017,SC,South Carolina,Age (years),65 or older,28.7,32.0,35.1
2017,SC,South Carolina,Education,College graduate,27.7,16.8,33.0
2017,SC,South Carolina,Education,High school graduate,37.8,34.2,45.7
2017,SC,South Carolina,Education,Less than high school,34.0,40.2,44.9
2017,SC,South Carolina,Education,Some college or technical school,35.5,26.7,40.1
2017,SC,South Carolina,Income,"$15,000 - $24,999",37.1,37.1,42.0
2017,SC,South Carolina,Income,"$25,000 - $34,999",35.0,34.2,45.2
2017,SC,South Carolina,Income,"$35,000 - $49,999",35.8,29.0,42.4
2017,SC,South Carolina,Income,"$50,000 - $74,999",37.9,23.5,40.4
2017,SC,South Carolina,Income,"$75,000 or greater",29.9,16.9,36.0
2017,SC,South Carolina,Income,Data not reported,30.7,31.9,38.0
2017,SC,South Carolina,Income,"Less than $15,000",36.8,36.4,48.1
2017,SC,South Carolina,Race/Ethnicity,Hispanic,30.8,32.6,37.1
2017,SC,South Carolina,Race/Ethnicity,NH American Indian/Alaska Native,41.2,30.9,41.4
2017,SC,South Carolina,Race/Ethnicity,Non-Hispanic 2 or more races,32.9,20.7,41.1
2017,SC,South Carolina,Race/Ethnicity,Non-Hispanic Asian,27.0,31.8,18.2
2017,SC,South Carolina,Race/Ethnicity,Non-Hispanic Black,43.7,33.4,41.0
2017,SC,South Carolina,Race/Ethnicity,Non-Hispanic Other,32.1,24.1,21.8
2017,SC,South Carolina,Race/Ethnicity,Non-Hispanic White,31.0,26.2,41.0
2017,SC,South Carolina,Sex,Female,35.1,30.5,37.2
2017,SC,South Carolina,Sex,Male,33.0,26.1,44.2
2017,SC,South Carolina,Total,Total,34.1,28.4,40.6
2017,SD,South Dakota,Age (years),18 - 24,19.3,11.7,42.4
2017,SD,South Dakota,Age (years),25 - 34,32.8,18.9,39.8
2017,SD,South Dakota,Age (years),35 - 44,29.6,23.7,38.7
2017,SD,South Dakota,Age (years),45 - 54,40.0,29.6,41.9
2017,SD,South Dakota,Age (years),55 - 64,37.2,27.2,38.4
2017,SD,South Dakota,Age (years),65 or older,30.4,32.8,25.6
2017,SD,South Dakota,Education,College graduate,27.8,16.1,32.0
2017,SD,South Dakota,Education,High school graduate,32.4,28.8,39.3
2017,SD,South Dakota,Education,Less than high school,40.2,37.8,32.2
2017,SD,South Dakota,Education,Some college or technical school,32.1,24.2,39.7
2017,SD,South Dakota,Income,"$15,000 - $24,999",31.6,30.5,31.2
2017,SD,South Dakota,Income,"$25,000 - $34,999",33.3,31.6,42.0
2017,SD,South Dakota,Income,"$35,000 - $49,999",31.6,24.7,33.8
2017,SD,South Dakota,Income,"$50,000 - $74,999",30.2,24.4,38.8
2017,SD,South Dakota,Income,"$75,000 or greater",28.9,19.3,36.8
2017,SD,South Dakota,Income,Data not reported,33.9,26.0,35.2
2017,SD,South Dakota,Income,"Less than $15,000",42.0,26.7,46.5
2017,SD,South Dakota,Race/Ethnicity,Hispanic,44.0,22.7,39.5
2017,SD,South Dakota,Race/Ethnicity,NH American Indian/Alaska Native,48.7,25.4,41.3
2017,SD,South Dakota,Race/Ethnicity,Non-Hispanic 2 or more races,34.2,22.9,52.0
2017,SD,South Dakota,Race/Ethnicity,Non-Hispanic White,30.6,25.2,36.4
2017,SD,South Dakota,Sex,Female,29.5,21.9,33.1
2017,SD,South Dakota,Sex,Male,34.1,27.8,40.8
2017,SD,South Dakota,Total,Total,31.9,24.9,36.9
2017,TN,Tennessee,Age (years),18 - 24,15.6,23.7,37.4
2017,TN,Tennessee,Age (years),25 - 34,31.1,24.2,38.1
2017,TN,Tennessee,Age (years),35 - 44,38.9,27.1,38.9
2017,TN,Tennessee,Age (years),45 - 54,38.5,33.6,43.6
2017,TN,Tennessee,Age (years),55 - 64,38.4,36.4,39.4
2017,TN,Tennessee,Age (years),65 or older,30.6,35.0,36.2
2017,TN,Tennessee,Education,College graduate,25.8,15.2,29.6
2017,TN,Tennessee,Education,High school graduate,33.4,36.6,44.5
2017,TN,Tennessee,Education,Less than high school,35.6,43.2,45.6
2017,TN,Tennessee,Education,Some college or technical school,36.5,30.4,37.5
2017,TN,Tennessee,Income,"$15,000 - $24,999",39.1,41.6,42.3
2017,TN,Tennessee,Income,"$25,000 - $34,999",31.9,32.5,44.1
2017,TN,Tennessee,Income,"$35,000 - $49,999",35.4,32.2,36.3
2017,TN,Tennessee,Income,"$50,000 - $74,999",32.8,26.2,37.9
2017,TN,Tennessee,Income,"$75,000 or greater",31.0,17.4,33.1
2017,TN,Tennessee,Income,Data not reported,25.0,31.8,35.1
2017,TN,Tennessee,Income,"Less than $15,000",36.1,41.6,51.0
2017,TN,Tennessee,Race/Ethnicity,Hispanic,27.0,41.1,38.9
2017,TN,Tennessee,Race/Ethnicity,NH American Indian/Alaska Native,26.9,16.9,26.5
2017,TN,Tennessee,Race/Ethnicity,Non-Hispanic 2 or more races,35.6,38.3,44.4
2017,TN,Tennessee,Race/Ethnicity,Non-Hispanic Black,44.7,31.9,38.0
2017,TN,Tennessee,Race/Ethnicity,Non-Hispanic White,31.0,29.9,39.4
2017,TN,Tennessee,Sex,Female,32.4,32.5,36.0
2017,TN,Tennessee,Sex,Male,33.3,28.5,42.1
2017,TN,Tennessee,Total,Total,32.8,30.6,38.9
2017,TX,Texas,Age (years),18 - 24,16.4,25.4,46.1
2017,TX,Texas,Age (years),25 - 34,30.6,26.9,38.3
2017,TX,Texas,Age (years),35 - 44,39.3,31.8,33.4
2017,TX,Texas,Age (years),45 - 54,39.4,32.7,38.4
2017,TX,Texas,Age (years),55 - 64,38.9,38.4,44.8
2017,TX,Texas,Age (years),65 or older,30.6,37.0,37.9
2017,TX,Texas,Education,College graduate,25.9,17.6,31.1
2017,TX,Texas,Education,High school graduate,35.8,39.1,46.4
2017,TX,Texas,Education,Less than high school,40.5,49.4,42.4
2017,TX,Texas,Education,Some college or technical school,32.7,29.2,39.4
2017,TX,Texas,Income,"$15,000 - $24,999",37.2,39.2,41.3
2017,TX,Texas,Income,"$25,000 - $34,999",35.5,38.1,42.1
2017,TX,Texas,Income,"$35,000 - $49,999",28.8,31.9,44.5
2017,TX,Texas,Income,"$50,000 - $74,999",35.0,29.0,35.5
2017,TX,Texas,Income,"$75,000 or greater",28.8,21.2,32.9
2017,TX,Texas,Income,Data not reported,32.3,33.9,41.3
2017,TX,Texas,Income,"Less than $15,000",38.5,44.8,48.0
2017,TX,Texas,Race/Ethnicity,Hispanic,37.3,36.8,39.0
2017,TX,Texas,Race/Ethnicity,NH American Indian/Alaska Native,48.2,12.9,30.1
2017,TX,Texas,Race/Ethnicity,Non-Hispanic 2 or more races,25.4,29.3,43.9
2017,TX,Texas,Race/Ethnicity,Non-Hispanic Asian,14.9,25.3,36.0
2017,TX,Texas,Race/Ethnicity,Non-Hispanic Black,38.6,36.2,36.9
2017,TX,Texas,Race/Ethnicity,Non-Hispanic White,30.4,28.4,41.0
2017,TX,Texas,Sex,Female,32.1,33.9,36.7
2017,TX,Texas,Sex,Male,33.9,30.2,42.4
2017,TX,Texas,Total,Total,33.0,32.1,39.4
2017,UT,Utah,Age (years),18 - 24,13.3,16.0,39.3
2017,UT,Utah,Age (years),25 - 34,21.6,17.9,33.5
2017,UT,Utah,Age (years),35 - 44,28.4,20.3,30.7
2017,UT,Utah,Age (years),45 - 54,30.0,23.1,31.2
2017,UT,Utah,Age (years),55 - 64,33.7,23.7,30.3
2017,UT,Utah,Age (years),65 or older,26.8,27.2,27.1
2017,UT,Utah,Education,College graduate,23.1,12.1,23.8
2017,UT,Utah,Education,High school graduate,24.9,27.4,38.1
2017,UT,Utah,Education,Less than high school,25.1,35.1,39.6
2017,UT,Utah,Education,Some college or technical school,27.0,20.1,32.8
2017,UT,Utah,Income,"$15,000 - $24,999",28.0,29.5,37.9
2017,UT,Utah,Income,"$25,000 - $34,999",24.5,26.1,31.5
2017,UT,Utah,Income,"$35,000 - $49,999",27.4,21.7,32.7
2017,UT,Utah,Income,"$50,000 - $74,999",25.9,17.2,29.9
2017,UT,Utah,Income,"$75,000 or greater",24.5,13.2,29.0
2017,UT,Utah,Income,Data not reported,22.4,30.3,36.0
2017,UT,Utah,Income,"Less than $15,000",27.6,29.8,36.8
2017,UT,Utah,Race/Ethnicity,Hispanic,27.9,30.5,32.8
2017,UT,Utah,Race/Ethnicity,NH American Indian/Alaska Native,34.3,28.0,41.5
2017,UT,Utah,Race/Ethnicity,Non-Hispanic 2 or more races,23.2,12.6,31.0
2017,UT,Utah,Race/Ethnicity,Non-Hispanic Asian,11.3,22.2,31.1
2017,UT,Utah,Race/Ethnicity,Non-Hispanic White,25.0,19.4,31.8
2017,UT,Utah,Sex,Female,24.3,20.9,27.9
2017,UT,Utah,Sex,Male,26.1,21.2,36.3
2017,UT,Utah,Total,Total,25.3,21.1,32.1
2017,VA,Virginia,Age (years),18 - 24,17.7,15.5,38.8
2017,VA,Virginia,Age (years),25 - 34,28.8,21.5,36.8
2017,VA,Virginia,Age (years),35 - 44,31.8,27.4,37.3
2017,VA,Virginia,Age (years),45 - 54,35.8,26.8,40.4
2017,VA,Virginia,Age (years),55 - 64,35.4,28.8,35.2
2017,VA,Virginia,Age (years),65 or older,28.2,32.3,32.4
2017,VA,Virginia,Education,College graduate,23.5,14.0,27.7
2017,VA,Virginia,Education,High school graduate,32.7,32.7,41.2
2017,VA,Virginia,Education,Less than high school,39.5,49.0,44.3
2017,VA,Virginia,Education,Some college or technical school,31.8,25.0,40.0
2017,VA,Virginia,Income,"$15,000 - $24,999",36.6,38.9,42.6
2017,VA,Virginia,Income,"$25,000 - $34,999",39.5,30.9,42.3
2017,VA,Virginia,Income,"$35,000 - $49,999",33.7,30.4,37.6
2017,VA,Virginia,Income,"$50,000 - $74,999",29.2,25.3,36.4
2017,VA,Virginia,Income,"$75,000 or greater",26.1,15.3,31.5
2017,VA,Virginia,Income,Data not reported,24.7,29.1,37.5
2017,VA,Virginia,Income,"Less than $15,000",38.0,43.6,46.1
2017,VA,Virginia,Race/Ethnicity,Hispanic,32.2,30.8,27.6
2017,VA,Virginia,Race/Ethnicity,NH American Indian/Alaska Native,25.5,37.1,32.2
2017,VA,Virginia,Race/Ethnicity,Non-Hispanic 2 or more races,22.5,16.1,35.8
2017,VA,Virginia,Race/Ethnicity,Non-Hispanic Asian,7.5,14.3,34.2
2017,VA,Virginia,Race/Ethnicity,Non-Hispanic Black,43.6,34.7,43.0
2017,VA,Virginia,Race/Ethnicity,Non-Hispanic White,28.4,24.2,36.4
2017,VA,Virginia,Sex,Female,31.6,27.2,32.0
2017,VA,Virginia,Sex,Male,28.5,24.7,41.5
2017,VA,Virginia,Total,Total,30.1,25.9,36.6
2017,VT,Vermont,Age (years),18 - 24,14.3,17.9,29.9
2017,VT,Vermont,Age (years),25 - 34,27.7,17.1,36.6
2017,VT,Vermont,Age (years),35 - 44,30.3,21.6,25.8
2017,VT,Vermont,Age (years),45 - 54,33.9,18.9,31.5
2017,VT,Vermont,Age (years),55 - 64,29.6,22.2,28.9
2017,VT,Vermont,Age (years),65 or older,27.4,27.5,27.3
2017,VT,Vermont,Education,College graduate,18.8,9.1,22.4
2017,VT,Vermont,Education,High school graduate,33.5,29.9,39.8
2017,VT,Vermont,Education,Less than high school,41.2,38.8,37.0
2017,VT,Vermont,Education,Some college or technical school,27.5,22.1,26.0
2017,VT,Vermont,Income,"$15,000 - $24,999",34.7,33.0,33.8
2017,VT,Vermont,Income,"$25,000 - $34,999",33.7,21.3,36.3
2017,VT,Vermont,Income,"$35,000 - $49,999",30.4,23.7,34.0
2017,VT,Vermont,Income,"$50,000 - $74,999",28.6,22.9,26.8
2017,VT,Vermont,Income,"$75,000 or greater",22.3,12.0,23.7
2017,VT,Vermont,Income,Data not reported,21.2,22.8,27.4
2017,VT,Vermont,Income,"Less than $15,000",35.0,31.8,43.1
2017,VT,Vermont,Race/Ethnicity,NH American Indian/Alaska Native,37.0,29.6,34.5
2017,VT,Vermont,Race/Ethnicity,Non-Hispanic 2 or more races,32.2,14.0,36.0
2017,VT,Vermont,Race/Ethnicity,Non-Hispanic White,27.7,21.5,29.8
2017,VT,Vermont,Sex,Female,27.2,21.6,25.9
2017,VT,Vermont,Sex,Male,28.0,21.6,33.7
2017,VT,Vermont,Total,Total,27.6,21.6,29.7
2017,WA,Washington,Age (years),18 - 24,17.3,14.9,36.4
2017,WA,Washington,Age (years),25 - 34,25.1,16.0,31.5
2017,WA,Washington,Age (years),35 - 44,31.4,18.5,34.5
2017,WA,Washington,Age (years),45 - 54,30.1,20.2,33.0
2017,WA,Washington,Age (years),55 - 64,32.4,20.7,32.7
2017,WA,Washington,Age (years),65 or older,26.9,23.2,26.9
2017,WA,Washington,Education,College graduate,19.8,10.9,25.1
2017,WA,Washington,Education,High school graduate,31.8,25.5,37.6
2017,WA,Washington,Education,Less than high school,34.2,33.8,40.1
2017,WA,Washington,Education,Some college or technical school,30.2,18.1,32.6
2017,WA,Washington,Income,"$15,000 - $24,999",33.1,28.7,37.2
2017,WA,Washington,Income,"$25,000 - $34,999",30.2,24.1,31.8
2017,WA,Washington,Income,"$35,000 - $49,999",30.0,22.5,32.0
2017,WA,Washington,Income,"$50,000 - $74,999",29.2,18.6,33.8
2017,WA,Washington,Income,"$75,000 or greater",24.3,11.8,28.6
2017,WA,Washington,Income,Data not reported,24.3,21.1,33.6
2017,WA,Washington,Income,"Less than $15,000",34.3,28.1,36.1
2017,WA,Washington,Race/Ethnicity,Hispanic,33.1,26.9,31.4
2017,WA,Washington,Race/Ethnicity,NH American Indian/Alaska Native,34.9,27.5,39.0
2017,WA,Washington,Race/Ethnicity,Non-Hispanic 2 or more races,33.8,20.0,36.1
2017,WA,Washington,Race/Ethnicity,Non-Hispanic Asian,9.1,20.0,31.0
2017,WA,Washington,Race/Ethnicity,Non-Hispanic Black,32.2,19.2,35.6
2017,WA,Washington,Race/Ethnicity,Non-Hispanic Other,32.8,22.5,29.1
2017,WA,Washington,Race/Ethnicity,Non-Hispanic White,28.5,17.8,32.1
2017,WA,Washington,Sex,Female,27.1,20.2,28.5
2017,WA,Washington,Sex,Male,28.2,18.2,35.9
2017,WA,Washington,Total,Total,27.7,19.2,32.1
2017,WI,Wisconsin,Age (years),18 - 24,22.5,15.8,31.7
2017,WI,Wisconsin,Age (years),25 - 34,30.4,23.0,32.5
2017,WI,Wisconsin,Age (years),35 - 44,32.6,20.1,34.3
2017,WI,Wisconsin,Age (years),45 - 54,36.7,19.7,38.3
2017,WI,Wisconsin,Age (years),55 - 64,39.3,24.0,31.5
2017,WI,Wisconsin,Age (years),65 or older,29.1,28.1,27.7
2017,WI,Wisconsin,Education,College graduate,23.0,12.8,25.4
2017,WI,Wisconsin,Education,High school graduate,34.2,27.9,38.6
2017,WI,Wisconsin,Education,Less than high school,37.5,32.1,31.7
2017,WI,Wisconsin,Education,Some college or technical school,35.8,22.3,32.3
2017,WI,Wisconsin,Income,"$15,000 - $24,999",33.8,34.6,38.7
2017,WI,Wisconsin,Income,"$25,000 - $34,999",35.7,26.4,30.6
2017,WI,Wisconsin,Income,"$35,000 - $49,999",37.5,24.4,33.0
2017,WI,Wisconsin,Income,"$50,000 - $74,999",30.8,20.3,30.5
2017,WI,Wisconsin,Income,"$75,000 or greater",28.2,14.5,29.3
2017,WI,Wisconsin,Income,Data not reported,31.5,24.0,30.5
2017,WI,Wisconsin,Income,"Less than $15,000",35.1,28.2,45.4
2017,WI,Wisconsin,Race/Ethnicity,Hispanic,38.7,26.5,28.0
2017,WI,Wisconsin,Race/Ethnicity,NH American Indian/Alaska Native,37.2,14.0,38.1
2017,WI,Wisconsin,Race/Ethnicity,Non-Hispanic 2 or more races,22.5,17.1,37.8
2017,WI,Wisconsin,Race/Ethnicity,Non-Hispanic Asian,26.7,23.6,15.9
2017,WI,Wisconsin,Race/Ethnicity,Non-Hispanic Black,39.0,33.6,38.9
2017,WI,Wisconsin,Race/Ethnicity,Non-Hispanic White,31.3,21.4,32.4
2017,WI,Wisconsin,Sex,Female,31.6,22.8,27.6
2017,WI,Wisconsin,Sex,Male,32.4,21.9,37.4
2017,WI,Wisconsin,Total,Total,32.0,22.4,32.4
2017,WV,West Virginia,Age (years),18 - 24,24.5,16.2,43.4
2017,WV,West Virginia,Age (years),25 - 34,35.8,24.8,44.6
2017,WV,West Virginia,Age (years),35 - 44,41.9,26.1,46.9
2017,WV,West Virginia,Age (years),45 - 54,46.4,37.7,48.6
2017,WV,West Virginia,Age (years),55 - 64,43.8,37.6,47.7
2017,WV,West Virginia,Age (years),65 or older,33.5,37.2,40.1
2017,WV,West Virginia,Education,College graduate,33.2,18.5,37.4
2017,WV,West Virginia,Education,High school graduate,37.2,36.5,47.7
2017,WV,West Virginia,Education,Less than high school,38.5,42.8,51.3
2017,WV,West Virginia,Education,Some college or technical school,42.5,27.3,42.9
2017,WV,West Virginia,Income,"$15,000 - $24,999",38.8,37.3,50.3
2017,WV,West Virginia,Income,"$25,000 - $34,999",39.5,33.2,41.2
2017,WV,West Virginia,Income,"$35,000 - $49,999",43.7,33.0,45.1
2017,WV,West Virginia,Income,"$50,000 - $74,999",42.1,29.5,41.0
2017,WV,West Virginia,Income,"$75,000 or greater",33.6,16.9,39.5
2017,WV,West Virginia,Income,Data not reported,33.1,34.5,44.6
2017,WV,West Virginia,Income,"Less than $15,000",39.9,42.7,53.9
2017,WV,West Virginia,Race/Ethnicity,Non-Hispanic 2 or more races,52.8,23.5,52.1
2017,WV,West Virginia,Race/Ethnicity,Non-Hispanic Black,42.9,35.3,44.4
2017,WV,West Virginia,Race/Ethnicity,Non-Hispanic White,38.1,31.8,45.2
2017,WV,West Virginia,Sex,Female,36.7,32.7,43.7
2017,WV,West Virginia,Sex,Male,39.4,30.4,46.2
2017,WV,West Virginia,Total,Total,38.1,31.6,44.9
2017,WY,Wyoming,Age (years),18 - 24,13.0,14.1,47.7
2017,WY,Wyoming,Age (years),25 - 34,24.2,20.4,36.4
2017,WY,Wyoming,Age (years),35 - 44,33.3,23.0,34.0
2017,WY,Wyoming,Age (years),45 - 54,37.7,27.8,36.3
2017,WY,Wyoming,Age (years),55 - 64,33.4,27.7,41.1
2017,WY,Wyoming,Age (years),65 or older,28.6,35.8,33.6
2017,WY,Wyoming,Education,College graduate,23.6,15.2,25.5
2017,WY,Wyoming,Education,High school graduate,31.3,30.0,43.5
2017,WY,Wyoming,Education,Less than high school,19.1,38.4,52.0
2017,WY,Wyoming,Education,Some college or technical school,32.1,26.4,38.1
2017,WY,Wyoming,Income,"$15,000 - $24,999",31.3,34.1,41.0
2017,WY,Wyoming,Income,"$25,000 - $34,999",29.1,31.7,41.9
2017,WY,Wyoming,Income,"$35,000 - $49,999",31.1,27.8,36.9
2017,WY,Wyoming,Income,"$50,000 - $74,999",29.6,23.5,36.3
2017,WY,Wyoming,Income,"$75,000 or greater",27.1,18.0,31.7
2017,WY,Wyoming,Income,Data not reported,21.8,28.5,43.3
2017,WY,Wyoming,Income,"Less than $15,000",36.1,30.0,46.8
2017,WY,Wyoming,Race/Ethnicity,Hispanic,25.8,19.8,29.7
2017,WY,Wyoming,Race/Ethnicity,NH American Indian/Alaska Native,44.4,37.0,41.5
2017,WY,Wyoming,Race/Ethnicity,Non-Hispanic 2 or more races,28.9,24.1,46.3
2017,WY,Wyoming,Race/Ethnicity,Non-Hispanic White,28.6,25.9,38.1
2017,WY,Wyoming,Sex,Female,28.1,23.3,33.2
2017,WY,Wyoming,Sex,Male,29.5,28.0,42.0
2017,WY,Wyoming,Total,Total,28.8,25.7,37.7
2019,AK,Alaska,Age (years),18 - 24,15.4,16.4,49.0
2019,AK,Alaska,Age (years),25 - 34,26.8,24.5,45.1
2019,AK,Alaska,Age (years),35 - 44,35.9,19.9,45.3
2019,AK,Alaska,Age (years),45 - 54,42.3,22.8,44.2
2019,AK,Alaska,Age (years),55 - 64,30.8,19.6,37.1
2019,AK,Alaska,Age (years),65 or older,30.2,25.2,37.2
2019,AK,Alaska,Education,College graduate,22.6,9.5,35.1
2019,AK,Alaska,Education,High school graduate,27.3,27.5,45.4
2019,AK,Alaska,Education,Less than high school,32.4,38.2,47.9
2019,AK,Alaska,Education,Some college or technical school,38.6,22.5,45.4
2019,AK,Alaska,Income,"$15,000 - $24,999",29.3,27.5,44.8
2019,AK,Alaska,Income,"$25,000 - $34,999",36.1,31.4,47.4
2019,AK,Alaska,Income,"$35,000 - $49,999",41.6,24.0,39.7
2019,AK,Alaska,Income,"$50,000 - $74,999",30.8,21.6,43.1
2019,AK,Alaska,Income,"$75,000 or greater",29.3,15.4,38.9
2019,AK,Alaska,Income,Data not reported,26.0,22.2,47.3
2019,AK,Alaska,Income,"Less than $15,000",24.3,33.1,51.5
2019,AK,Alaska,Race/Ethnicity,Hispanic,40.6,13.0,38.1
2019,AK,Alaska,Race/Ethnicity,NH American Indian/Alaska Native,37.3,31.8,49.3
2019,AK,Alaska,Race/Ethnicity,Non-Hispanic 2 or more races,31.2,30.8,54.0
2019,AK,Alaska,Race/Ethnicity,Non-Hispanic White,28.6,19.4,40.4
2019,AK,Alaska,Sex,Female,30.6,21.2,41.1
2019,AK,Alaska,Sex,Male,30.5,22.1,44.4
2019,AK,Alaska,Total,Total,30.5,21.7,42.8
2019,AL,Alabama,Age (years),18 - 24,24.6,22.4,45.4
2019,AL,Alabama,Age (years),25 - 34,36.4,27.7,48.2
2019,AL,Alabama,Age (years),35 - 44,40.3,29.6,44.2
2019,AL,Alabama,Age (years),45 - 54,41.5,30.9,48.2
2019,AL,Alabama,Age (years),55 - 64,41.2,36.9,48.8
2019,AL,Alabama,Age (years),65 or older,31.3,36.6,42.9
2019,AL,Alabama,Education,College graduate,32.0,19.6,39.5
2019,AL,Alabama,Education,High school graduate,34.4,36.8,48.5
2019,AL,Alabama,Education,Less than high school,43.4,42.9,49.0
2019,AL,Alabama,Education,Some college or technical school,37.3,29.5,47.3
2019,AL,Alabama,Income,"$15,000 - $24,999",40.6,39.6,47.3
2019,AL,Alabama,Income,"$25,000 - $34,999",38.9,36.8,47.1
2019,AL,Alabama,Income,"$35,000 - $49,999",35.8,30.6,42.5
2019,AL,Alabama,Income,"$50,000 - $74,999",35.4,27.2,45.6
2019,AL,Alabama,Income,"$75,000 or greater",32.0,17.7,43.6
2019,AL,Alabama,Income,Data not reported,33.5,36.7,48.7
2019,AL,Alabama,Income,"Less than $15,000",41.7,42.7,50.1
2019,AL,Alabama,Race/Ethnicity,Hispanic,35.7,16.2,40.7
2019,AL,Alabama,Race/Ethnicity,NH American Indian/Alaska Native,30.9,28.9,30.6
2019,AL,Alabama,Race/Ethnicity,Non-Hispanic 2 or more races,32.8,34.7,45.0
2019,AL,Alabama,Race/Ethnicity,Non-Hispanic Black,46.6,35.2,44.9
2019,AL,Alabama,Race/Ethnicity,Non-Hispanic White,32.6,31.1,47.4
2019,AL,Alabama,Sex,Female,36.2,34.3,44.7
2019,AL,Alabama,Sex,Male,36.0,28.3,47.7
2019,AL,Alabama,Total,Total,36.1,31.5,46.1
2019,AR,Arkansas,Age (years),18 - 24,26.3,21.1,48.7
2019,AR,Arkansas,Age (years),25 - 34,36.3,26.6,48.6
2019,AR,Arkansas,Age (years),35 - 44,45.1,28.2,44.9
2019,AR,Arkansas,Age (years),45 - 54,43.7,32.4,48.5
2019,AR,Arkansas,Age (years),55 - 64,40.6,34.7,48.2
2019,AR,Arkansas,Age (years),65 or older,32.4,38.9,42.3
2019,AR,Arkansas,Education,College graduate,33.6,20.1,38.8
2019,AR,Arkansas,Education,High school graduate,37.8,37.3,49.0
2019,AR,Arkansas,Education,Less than high school,41.4,40.1,46.2
2019,AR,Arkansas,Education,Some college or technical school,37.8,28.3,49.4
2019,AR,Arkansas,Income,"$15,000 - $24,999",38.8,38.3,48.9
2019,AR,Arkansas,Income,"$25,000 - $34,999",31.6,32.6,48.1
2019,AR,Arkansas,Income,"$35,000 - $49,999",40.4,28.1,41.9
2019,AR,Arkansas,Income,"$50,000 - $74,999",39.8,26.1,45.0
2019,AR,Arkansas,Income,"$75,000 or greater",35.1,19.6,41.9
2019,AR,Arkansas,Income,Data not reported,35.4,35.7,47.8
2019,AR,Arkansas,Income,"Less than $15,000",43.4,42.2,55.3
2019,AR,Arkansas,Race/Ethnicity,Hispanic,31.1,25.5,39.1
2019,AR,Arkansas,Race/Ethnicity,NH American Indian/Alaska Native,49.4,37.8,54.2
2019,AR,Arkansas,Race/Ethnicity,Non-Hispanic 2 or more races,26.4,35.2,32.0
2019,AR,Arkansas,Race/Ethnicity,Non-Hispanic Black,45.0,32.2,40.3
2019,AR,Arkansas,Race/Ethnicity,Non-Hispanic Other,28.9,39.6,53.1
2019,AR,Arkansas,Race/Ethnicity,Non-Hispanic White,36.9,31.4,48.6
2019,AR,Arkansas,Sex,Female,39.0,34.1,43.0
2019,AR,Arkansas,Sex,Male,35.9,28.1,50.3
2019,AR,Arkansas,Total,Total,37.4,31.2,46.5
2019,AZ,Arizona,Age (years),18 - 24,20.1,18.8,48.7
2019,AZ,Arizona,Age (years),25 - 34,29.8,16.9,38.1
2019,AZ,Arizona,Age (years),35 - 44,35.7,23.6,34.8
2019,AZ,Arizona,Age (years),45 - 54,39.9,25.6,40.0
2019,AZ,Arizona,Age (years),55 - 64,38.5,29.2,38.5
2019,AZ,Arizona,Age (years),65 or older,25.7,28.0,34.9
2019,AZ,Arizona,Education,College graduate,27.2,15.0,33.7
2019,AZ,Arizona,Education,High school graduate,32.5,25.9,40.9
2019,AZ,Arizona,Education,Less than high school,36.1,39.5,37.7
2019,AZ,Arizona,Education,Some college or technical school,32.0,23.4,40.6
2019,AZ,Arizona,Income,"$15,000 - $24,999",37.8,32.9,39.2
2019,AZ,Arizona,Income,"$25,000 - $34,999",31.8,26.1,38.7
2019,AZ,Arizona,Income,"$35,000 - $49,999",33.4,23.5,39.3
2019,AZ,Arizona,Income,"$50,000 - $74,999",31.5,19.4,37.3
2019,AZ,Arizona,Income,"$75,000 or greater",28.1,14.8,35.7
2019,AZ,Arizona,Income,Data not reported,28.6,28.1,40.5
2019,AZ,Arizona,Income,"Less than $15,000",33.4,38.3,44.0
2019,AZ,Arizona,Race/Ethnicity,Hispanic,36.2,25.8,35.1
2019,AZ,Arizona,Race/Ethnicity,NH American Indian/Alaska Native,58.0,35.2,37.8
2019,AZ,Arizona,Race/Ethnicity,Non-Hispanic 2 or more races,19.1,21.9,48.6
2019,AZ,Arizona,Race/Ethnicity,Non-Hispanic Asian,14.4,18.1,25.1
2019,AZ,Arizona,Race/Ethnicity,Non-Hispanic Black,37.6,25.9,44.3
2019,AZ,Arizona,Race/Ethnicity,Non-Hispanic Other,20.0,21.3,35.9
2019,AZ,Arizona,Race/Ethnicity,Non-Hispanic White,28.5,23.1,40.4
2019,AZ,Arizona,Sex,Female,32.1,25.9,35.2
2019,AZ,Arizona,Sex,Male,30.7,22.2,41.9
2019,AZ,Arizona,Total,Total,31.4,24.1,38.5
2019,CA,California,Age (years),18 - 24,13.2,17.3,46.2
2019,CA,California,Age (years),25 - 34,24.0,23.5,40.8
2019,CA,California,Age (years),35 - 44,30.4,22.1,33.8
2019,CA,California,Age (years),45 - 54,33.7,23.1,34.6
2019,CA,California,Age (years),55 - 64,29.8,21.7,33.8
2019,CA,California,Age (years),65 or older,23.3,25.0,30.3
2019,CA,California,Education,College graduate,18.0,13.4,31.6
2019,CA,California,Education,High school graduate,30.8,26.3,40.8
2019,CA,California,Education,Less than high school,36.7,40.0,32.1
2019,CA,California,Education,Some college or technical school,25.7,18.9,39.4
2019,CA,California,Income,"$15,000 - $24,999",29.0,31.0,36.3
2019,CA,California,Income,"$25,000 - $34,999",34.4,27.3,33.3
2019,CA,California,Income,"$35,000 - $49,999",28.6,25.4,39.5
2019,CA,California,Income,"$50,000 - $74,999",25.2,18.5,36.8
2019,CA,California,Income,"$75,000 or greater",23.1,13.9,35.5
2019,CA,California,Income,Data not reported,20.7,25.7,34.8
2019,CA,California,Income,"Less than $15,000",31.3,33.9,37.9
2019,CA,California,Race/Ethnicity,Hispanic,33.8,30.4,35.7
2019,CA,California,Race/Ethnicity,NH American Indian/Alaska Native,29.1,18.2,44.9
2019,CA,California,Race/Ethnicity,Non-Hispanic 2 or more races,27.1,18.1,36.6
2019,CA,California,Race/Ethnicity,Non-Hispanic Asian,9.3,17.2,36.0
2019,CA,California,Race/Ethnicity,Non-Hispanic Black,32.9,25.7,44.9
2019,CA,California,Race/Ethnicity,Non-Hispanic Other,26.0,20.5,31.7
2019,CA,California,Race/Ethnicity,Non-Hispanic White,25.2,16.8,35.5
2019,CA,California,Sex,Female,28.0,24.3,32.9
2019,CA,California,Sex,Male,24.3,20.5,39.5
2019,CA,California,Total,Total,26.2,22.4,36.2
2019,CO,Colorado,Age (years),18 - 24,12.0,17.3,38.7
2019,CO,Colorado,Age (years),25 - 34,22.6,15.4,40.8
2019,CO,Colorado,Age (years),35 - 44,25.4,19.8,34.7
2019,CO,Colorado,Age (years),45 - 54,27.4,18.4,40.3
2019,CO,Colorado,Age (years),55 - 64,27.8,19.1,35.9
2019,CO,Colorado,Age (years),65 or older,24.2,21.7,32.2
2019,CO,Colorado,Education,College graduate,18.7,9.2,31.6
2019,CO,Colorado,Education,High school graduate,26.6,24.5,42.7
2019,CO,Colorado,Education,Less than high school,29.3,39.4,33.0
2019,CO,Colorado,Education,Some college or technical school,26.4,19.6,40.3
2019,CO,Colorado,Income,"$15,000 - $24,999",25.1,27.5,41.3
2019,CO,Colorado,Income,"$25,000 - $34,999",23.6,25.4,38.9
2019,CO,Colorado,Income,"$35,000 - $49,999",26.1,24.0,36.4
2019,CO,Colorado,Income,"$50,000 - $74,999",27.0,15.8,38.2
2019,CO,Colorado,Income,"$75,000 or greater",21.4,10.6,35.0
2019,CO,Colorado,Income,Data not reported,21.4,24.5,36.3
2019,CO,Colorado,Income,"Less than $15,000",33.5,30.6,40.6
2019,CO,Colorado,Race/Ethnicity,Hispanic,31.8,29.4,36.3
2019,CO,Colorado,Race/Ethnicity,NH American Indian/Alaska Native,20.6,18.8,45.8
2019,CO,Colorado,Race/Ethnicity,Non-Hispanic 2 or more races,21.5,17.9,36.7
2019,CO,Colorado,Race/Ethnicity,Non-Hispanic Asian,4.6,14.8,39.7
2019,CO,Colorado,Race/Ethnicity,Non-Hispanic Black,27.5,23.2,42.7
2019,CO,Colorado,Race/Ethnicity,Non-Hispanic White,22.2,15.5,36.8
2019,CO,Colorado,Sex,Female,23.0,18.6,34.8
2019,CO,Colorado,Sex,Male,24.5,18.8,39.2
2019,CO,Colorado,Total,Total,23.8,18.7,37.0
2019,CT,Connecticut,Age (years),18 - 24,18.1,19.1,37.1
2019,CT,Connecticut,Age (years),25 - 34,28.2,22.4,38.8
2019,CT,Connecticut,Age (years),35 - 44,32.0,24.1,35.3
2019,CT,Connecticut,Age (years),45 - 54,33.1,23.3,37.8
2019,CT,Connecticut,Age (years),55 - 64,32.5,20.8,30.9
2019,CT,Connecticut,Age (years),65 or older,28.2,28.5,28.7
2019,CT,Connecticut,Education,College graduate,22.6,13.4,29.1
2019,CT,Connecticut,Education,High school graduate,31.6,29.4,39.3
2019,CT,Connecticut,Education,Less than high school,37.8,46.9,36.1
2019,CT,Connecticut,Education,Some college or technical school,32.1,22.4,35.1
2019,CT,Connecticut,Income,"$15,000 - $24,999",33.6,37.2,39.7
2019,CT,Connecticut,Income,"$25,000 - $34,999",34.3,30.6,40.9
2019,CT,Connecticut,Income,"$35,000 - $49,999",30.7,25.3,37.5
2019,CT,Connecticut,Income,"$50,000 - $74,999",33.5,22.9,32.3
2019,CT,Connecticut,Income,"$75,000 or greater",25.0,13.0,30.6
2019,CT,Connecticut,Income,Data not reported,25.0,29.4,34.1
2019,CT,Connecticut,Income,"Less than $15,000",44.9,40.6,40.8
2019,CT,Connecticut,Race/Ethnicity,Hispanic,35.5,34.5,37.9
2019,CT,Connecticut,Race/Ethnicity,Non-Hispanic 2 or more races,35.3,30.7,33.5
2019,CT,Connecticut,Race/Ethnicity,Non-Hispanic Asian,11.1,23.1,34.4
2019,CT,Connecticut,Race/Ethnicity,Non-Hispanic Black,44.0,28.5,42.7
2019,CT,Connecticut,Race/Ethnicity,Non-Hispanic Other,41.7,35.1,32.9
2019,CT,Connecticut,Race/Ethnicity,Non-Hispanic White,26.5,20.3,32.4
2019,CT,Connecticut,Sex,Female,28.3,25.3,30.1
2019,CT,Connecticut,Sex,Male,29.9,21.6,38.5
2019,CT,Connecticut,Total,Total,29.1,23.5,34.1
2019,DC,District of Columbia,Age (years),18 - 24,12.9,16.2,49.5
2019,DC,District of Columbia,Age (years),25 - 34,18.7,16.0,39.7
2019,DC,District of Columbia,Age (years),35 - 44,21.1,18.4,29.6
2019,DC,District of Columbia,Age (years),45 - 54,28.8,18.0,33.8
2019,DC,District of Columbia,Age (years),55 - 64,40.5,22.2,36.0
2019,DC,District of Columbia,Age (years),65 or older,25.9,25.1,27.5
2019,DC,District of Columbia,Education,College graduate,15.0,9.8,32.2
2019,DC,District of Columbia,Education,High school graduate,34.9,30.0,42.7
2019,DC,District of Columbia,Education,Less than high school,39.4,43.3,34.3
2019,DC,District of Columbia,Education,Some college or technical school,33.1,25.3,40.7
2019,DC,District of Columbia,Income,"$15,000 - $24,999",37.9,33.0,37.3
2019,DC,District of Columbia,Income,"$25,000 - $34,999",37.5,34.1,35.5
2019,DC,District of Columbia,Income,"$35,000 - $49,999",27.6,27.2,29.3
2019,DC,District of Columbia,Income,"$50,000 - $74,999",16.7,17.2,39.4
2019,DC,District of Columbia,Income,"$75,000 or greater",15.7,8.8,33.7
2019,DC,District of Columbia,Income,Data not reported,24.8,23.6,33.7
2019,DC,District of Columbia,Income,"Less than $15,000",42.5,32.5,48.3
2019,DC,District of Columbia,Race/Ethnicity,Hispanic,24.5,21.1,37.3
2019,DC,District of Columbia,Race/Ethnicity,Non-Hispanic Asian,6.1,14.7,44.3
2019,DC,District of Columbia,Race/Ethnicity,Non-Hispanic Black,40.4,30.0,40.6
2019,DC,District of Columbia,Race/Ethnicity,Non-Hispanic White,9.9,9.4,31.0
2019,DC,District of Columbia,Sex,Female,27.8,20.4,32.5
2019,DC,District of Columbia,Sex,Male,19.4,17.3,39.3
2019,DC,District of Columbia,Total,Total,23.8,19.0,35.6
2019,DE,Delaware,Age (years),18 - 24,23.0,18.3,36.8
2019,DE,Delaware,Age (years),25 - 34,31.6,24.5,39.4
2019,DE,Delaware,Age (years),35 - 44,35.8,19.9,35.9
2019,DE,Delaware,Age (years),45 - 54,40.5,27.9,40.8
2019,DE,Delaware,Age (years),55 - 64,40.1,26.4,41.1
2019,DE,Delaware,Age (years),65 or older,32.6,35.3,30.8
2019,DE,Delaware,Education,College graduate,29.1,15.1,33.7
2019,DE,Delaware,Education,High school graduate,38.5,32.0,40.3
2019,DE,Delaware,Education,Less than high school,34.3,43.7,45.3
2019,DE,Delaware,Education,Some college or technical school,35.5,26.7,34.0
2019,DE,Delaware,Income,"$15,000 - $24,999",37.7,37.9,38.3
2019,DE,Delaware,Income,"$25,000 - $34,999",36.8,30.3,42.4
2019,DE,Delaware,Income,"$35,000 - $49,999",33.3,27.4,37.8
2019,DE,Delaware,Income,"$50,000 - $74,999",41.2,22.9,43.6
2019,DE,Delaware,Income,"$75,000 or greater",32.3,18.8,33.0
2019,DE,Delaware,Income,Data not reported,27.9,30.7,35.8
2019,DE,Delaware,Income,"Less than $15,000",41.9,39.7,38.3
2019,DE,Delaware,Race/Ethnicity,Hispanic,36.8,33.1,28.6
2019,DE,Delaware,Race/Ethnicity,Non-Hispanic 2 or more races,26.0,28.4,42.3
2019,DE,Delaware,Race/Ethnicity,Non-Hispanic Asian,9.7,21.0,23.1
2019,DE,Delaware,Race/Ethnicity,Non-Hispanic Black,38.3,32.9,42.6
2019,DE,Delaware,Race/Ethnicity,Non-Hispanic White,34.2,24.6,37.3
2019,DE,Delaware,Sex,Female,35.0,28.6,33.2
2019,DE,Delaware,Sex,Male,33.7,24.5,41.1
2019,DE,Delaware,Total,Total,34.4,26.6,37.0
2019,FL,Florida,Age (years),18 - 24,15.4,21.9,44.7
2019,FL,Florida,Age (years),25 - 34,21.8,23.2,40.6
2019,FL,Florida,Age (years),35 - 44,26.8,26.1,38.3
2019,FL,Florida,Age (years),45 - 54,33.8,26.7,39.7
2019,FL,Florida,Age (years),55 - 64,31.3,27.2,38.0
2019,FL,Florida,Age (years),65 or older,27.6,29.7,33.8
2019,FL,Florida,Education,College graduate,22.1,14.2,34.5
2019,FL,Florida,Education,High school graduate,30.3,31.1,41.2
2019,FL,Florida,Education,Less than high school,28.9,43.6,43.2
2019,FL,Florida,Education,Some college or technical school,27.7,26.1,37.1
2019,FL,Florida,Income,"$15,000 - $24,999",33.2,35.0,38.2
2019,FL,Florida,Income,"$25,000 - $34,999",30.5,28.7,37.0
2019,FL,Florida,Income,"$35,000 - $49,999",29.2,24.5,39.7
2019,FL,Florida,Income,"$50,000 - $74,999",26.8,22.8,38.6
2019,FL,Florida,Income,"$75,000 or greater",24.1,15.0,37.6
2019,FL,Florida,Income,Data not reported,24.4,31.2,36.1
2019,FL,Florida,Income,"Less than $15,000",24.7,40.1,44.7
2019,FL,Florida,Race/Ethnicity,Hispanic,28.2,31.5,37.0
2019,FL,Florida,Race/Ethnicity,NH American Indian/Alaska Native,18.3,22.7,33.7
2019,FL,Florida,Race/Ethnicity,Non-Hispanic 2 or more races,33.6,26.4,34.0
2019,FL,Florida,Race/Ethnicity,Non-Hispanic Asian,17.1,20.1,33.5
2019,FL,Florida,Race/Ethnicity,Non-Hispanic Black,35.0,28.9,36.5
2019,FL,Florida,Race/Ethnicity,Non-Hispanic Other,17.5,25.8,37.0
2019,FL,Florida,Race/Ethnicity,Non-Hispanic White,25.4,24.1,40.0
2019,FL,Florida,Sex,Female,27.2,27.2,35.5
2019,FL,Florida,Sex,Male,26.9,25.7,41.3
2019,FL,Florida,Total,Total,27.0,26.5,38.3
2019,GA,Georgia,Age (years),18 - 24,15.9,23.9,53.0
2019,GA,Georgia,Age (years),25 - 34,31.4,20.4,39.3
2019,GA,Georgia,Age (years),35 - 44,40.1,25.4,42.8
2019,GA,Georgia,Age (years),45 - 54,37.8,30.1,43.7
2019,GA,Georgia,Age (years),55 - 64,41.0,32.9,46.2
2019,GA,Georgia,Age (years),65 or older,29.6,33.1,37.1
2019,GA,Georgia,Education,College graduate,30.2,15.0,37.9
2019,GA,Georgia,Education,High school graduate,34.5,37.1,46.6
2019,GA,Georgia,Education,Less than high school,38.6,43.6,44.3
2019,GA,Georgia,Education,Some college or technical school,32.4,24.1,43.9
2019,GA,Georgia,Income,"$15,000 - $24,999",37.6,40.8,43.6
2019,GA,Georgia,Income,"$25,000 - $34,999",41.2,28.2,48.1
2019,GA,Georgia,Income,"$35,000 - $49,999",32.3,30.5,45.6
2019,GA,Georgia,Income,"$50,000 - $74,999",30.4,24.0,41.0
2019,GA,Georgia,Income,"$75,000 or greater",30.0,15.7,41.2
2019,GA,Georgia,Income,Data not reported,30.4,30.5,42.2
2019,GA,Georgia,Income,"Less than $15,000",38.4,43.8,45.7
2019,GA,Georgia,Race/Ethnicity,Hispanic,41.3,30.1,35.3
2019,GA,Georgia,Race/Ethnicity,Non-Hispanic 2 or more races,21.5,17.8,22.4
2019,GA,Georgia,Race/Ethnicity,Non-Hispanic Asian,12.7,18.3,55.4
2019,GA,Georgia,Race/Ethnicity,Non-Hispanic Black,40.9,30.4,45.3
2019,GA,Georgia,Race/Ethnicity,Non-Hispanic Other,29.6,30.7,43.9
2019,GA,Georgia,Race/Ethnicity,Non-Hispanic White,29.8,27.1,43.3
2019,GA,Georgia,Sex,Female,33.6,29.6,40.8
2019,GA,Georgia,Sex,Male,32.6,26.0,45.6
2019,GA,Georgia,Total,Total,33.1,27.9,43.1
2019,HI,Hawaii,Age (years),18 - 24,18.9,22.6,45.0
2019,HI,Hawaii,Age (years),25 - 34,29.5,21.4,44.8
2019,HI,Hawaii,Age (years),35 - 44,28.7,22.1,40.7
2019,HI,Hawaii,Age (years),45 - 54,29.8,21.7,45.7
2019,HI,Hawaii,Age (years),55 - 64,25.1,28.8,37.1
2019,HI,Hawaii,Age (years),65 or older,18.8,27.7,33.5
2019,HI,Hawaii,Education,College graduate,19.9,16.0,36.5
2019,HI,Hawaii,Education,High school graduate,30.6,29.9,42.7
2019,HI,Hawaii,Education,Less than high school,26.7,36.1,39.6
2019,HI,Hawaii,Education,Some college or technical school,24.4,24.6,42.0
2019,HI,Hawaii,Income,"$15,000 - $24,999",27.4,36.6,38.5
2019,HI,Hawaii,Income,"$25,000 - $34,999",29.2,29.1,40.0
2019,HI,Hawaii,Income,"$35,000 - $49,999",23.9,27.9,42.3
2019,HI,Hawaii,Income,"$50,000 - $74,999",26.8,22.7,39.0
2019,HI,Hawaii,Income,"$75,000 or greater",22.4,17.5,40.4
2019,HI,Hawaii,Income,Data not reported,24.9,25.1,40.1
2019,HI,Hawaii,Income,"Less than $15,000",28.8,30.2,43.6
2019,HI,Hawaii,Race/Ethnicity,Hispanic,34.0,23.0,42.9
2019,HI,Hawaii,Race/Ethnicity,NH Hawaiian/Pacific Islander,51.8,28.3,44.4
2019,HI,Hawaii,Race/Ethnicity,Non-Hispanic 2 or more races,33.7,24.4,45.3
2019,HI,Hawaii,Race/Ethnicity,Non-Hispanic Asian,15.4,28.6,41.4
2019,HI,Hawaii,Race/Ethnicity,Non-Hispanic Black,29.7,16.7,58.0
2019,HI,Hawaii,Race/Ethnicity,Non-Hispanic White,19.6,17.4,31.9
2019,HI,Hawaii,Sex,Female,21.9,27.2,35.9
2019,HI,Hawaii,Sex,Male,28.1,21.6,44.8
2019,HI,Hawaii,Total,Total,25.0,24.4,40.3
2019,IA,Iowa,Age (years),18 - 24,17.7,19.0,45.0
2019,IA,Iowa,Age (years),25 - 34,31.7,22.4,44.7
2019,IA,Iowa,Age (years),35 - 44,38.9,26.3,43.3
2019,IA,Iowa,Age (years),45 - 54,41.4,27.7,42.3
2019,IA,Iowa,Age (years),55 - 64,39.1,28.9,40.8
2019,IA,Iowa,Age (years),65 or older,33.3,31.2,31.4
2019,IA,Iowa,Education,College graduate,30.0,14.9,31.3
2019,IA,Iowa,Education,High school graduate,35.4,35.3,44.7
2019,IA,Iowa,Education,Less than high school,35.9,42.0,39.1
2019,IA,Iowa,Education,Some college or technical school,35.3,23.6,44.1
2019,IA,Iowa,Income,"$15,000 - $24,999",40.9,38.9,45.2
2019,IA,Iowa,Income,"$25,000 - $34,999",36.1,29.3,39.4
2019,IA,Iowa,Income,"$35,000 - $49,999",36.2,30.4,43.0
2019,IA,Iowa,Income,"$50,000 - $74,999",34.7,23.1,39.4
2019,IA,Iowa,Income,"$75,000 or greater",31.8,17.6,38.8
2019,IA,Iowa,Income,Data not reported,28.1,31.5,37.8
2019,IA,Iowa,Income,"Less than $15,000",36.1,36.1,45.8
2019,IA,Iowa,Race/Ethnicity,Hispanic,35.7,38.3,39.9
2019,IA,Iowa,Race/Ethnicity,Non-Hispanic 2 or more races,33.7,27.3,44.0
2019,IA,Iowa,Race/Ethnicity,Non-Hispanic Asian,7.1,22.9,43.4
2019,IA,Iowa,Race/Ethnicity,Non-Hispanic Black,41.1,28.7,38.8
2019,IA,Iowa,Race/Ethnicity,Non-Hispanic White,34.2,25.7,40.4
2019,IA,Iowa,Sex,Female,32.6,25.7,35.7
2019,IA,Iowa,Sex,Male,35.2,27.3,45.5
2019,IA,Iowa,Total,Total,33.9,26.5,40.5
2019,ID,Idaho,Age (years),18 - 24,19.2,18.2,44.0
2019,ID,Idaho,Age (years),25 - 34,29.1,19.8,36.4
2019,ID,Idaho,Age (years),35 - 44,30.2,22.7,34.8
2019,ID,Idaho,Age (years),45 - 54,34.2,23.4,43.6
2019,ID,Idaho,Age (years),55 - 64,33.3,24.3,37.3
2019,ID,Idaho,Age (years),65 or older,29.1,30.9,28.9
2019,ID,Idaho,Education,College graduate,28.6,14.4,30.3
2019,ID,Idaho,Education,High school graduate,28.1,28.7,41.6
2019,ID,Idaho,Education,Less than high school,31.7,42.2,43.5
2019,ID,Idaho,Education,Some college or technical school,30.5,21.0,35.9
2019,ID,Idaho,Income,"$15,000 - $24,999",32.3,35.4,44.7
2019,ID,Idaho,Income,"$25,000 - $34,999",29.8,29.1,44.9
2019,ID,Idaho,Income,"$35,000 - $49,999",30.0,22.1,36.6
2019,ID,Idaho,Income,"$50,000 - $74,999",29.9,17.1,30.0
2019,ID,Idaho,Income,"$75,000 or greater",28.2,13.6,35.0
2019,ID,Idaho,Income,Data not reported,26.6,29.5,35.2
2019,ID,Idaho,Income,"Less than $15,000",33.6,35.3,35.0
2019,ID,Idaho,Race/Ethnicity,Hispanic,29.2,35.0,36.7
2019,ID,Idaho,Race/Ethnicity,Non-Hispanic 2 or more races,31.4,24.5,31.2
2019,ID,Idaho,Race/Ethnicity,Non-Hispanic White,29.1,22.1,37.1
2019,ID,Idaho,Sex,Female,30.6,23.8,35.6
2019,ID,Idaho,Sex,Male,28.4,23.8,38.0
2019,ID,Idaho,Total,Total,29.5,23.8,36.8
2019,IL,Illinois,Age (years),18 - 24,15.4,19.7,46.3
2019,IL,Illinois,Age (years),25 - 34,29.8,20.0,43.9
2019,IL,Illinois,Age (years),35 - 44,34.9,22.5,36.6
2019,IL,Illinois,Age (years),45 - 54,35.3,28.1,40.2
2019,IL,Illinois,Age (years),55 - 64,37.5,29.1,38.8
2019,IL,Illinois,Age (years),65 or older,32.5,31.5,28.4
2019,IL,Illinois,Education,College graduate,25.5,13.7,33.1
2019,IL,Illinois,Education,High school graduate,32.3,31.8,41.7
2019,IL,Illinois,Education,Less than high school,34.7,45.8,43.6
2019,IL,Illinois,Education,Some college or technical school,36.1,25.1,39.0
2019,IL,Illinois,Income,"$15,000 - $24,999",36.2,34.5,36.9
2019,IL,Illinois,Income,"$25,000 - $34,999",36.5,35.9,42.4
2019,IL,Illinois,Income,"$35,000 - $49,999",34.2,30.4,39.4
2019,IL,Illinois,Income,"$50,000 - $74,999",30.4,21.4,40.6
2019,IL,Illinois,Income,"$75,000 or greater",29.6,15.3,35.8
2019,IL,Illinois,Income,Data not reported,25.8,32.1,40.6
2019,IL,Illinois,Income,"Less than $15,000",33.0,39.9,39.6
2019,IL,Illinois,Race/Ethnicity,Hispanic,33.6,35.9,34.0
2019,IL,Illinois,Race/Ethnicity,Non-Hispanic 2 or more races,42.7,24.0,31.7
2019,IL,Illinois,Race/Ethnicity,Non-Hispanic Asian,12.2,24.7,32.4
2019,IL,Illinois,Race/Ethnicity,Non-Hispanic Black,40.7,30.3,45.7
2019,IL,Illinois,Race/Ethnicity,Non-Hispanic White,31.1,22.3,38.4
2019,IL,Illinois,Sex,Female,32.2,26.8,34.7
2019,IL,Illinois,Sex,Male,31.0,24.4,42.2
2019,IL,Illinois,Total,Total,31.6,25.6,38.3
2019,IN,Indiana,Age (years),18 - 24,25.1,24.3,41.6
2019,IN,Indiana,Age (years),25 - 34,35.2,29.8,46.9
2019,IN,Indiana,Age (years),35 - 44,37.4,29.0,41.4
2019,IN,Indiana,Age (years),45 - 54,39.4,29.7,42.3
2019,IN,Indiana,Age (years),55 - 64,39.7,35.0,43.2
2019,IN,Indiana,Age (years),65 or older,33.6,35.1,35.8
2019,IN,Indiana,Education,College graduate,29.5,16.2,33.1
2019,IN,Indiana,Education,High school graduate,34.9,38.6,46.0
2019,IN,Indiana,Education,Less than high school,45.6,47.6,44.6
2019,IN,Indiana,Education,Some college or technical school,36.4,27.6,42.5
2019,IN,Indiana,Income,"$15,000 - $24,999",38.6,44.4,43.3
2019,IN,Indiana,Income,"$25,000 - $34,999",37.5,35.1,48.5
2019,IN,Indiana,Income,"$35,000 - $49,999",38.9,31.6,49.2
2019,IN,Indiana,Income,"$50,000 - $74,999",35.8,25.0,40.5
2019,IN,Indiana,Income,"$75,000 or greater",32.0,19.4,35.2
2019,IN,Indiana,Income,Data not reported,31.5,32.7,39.5
2019,IN,Indiana,Income,"Less than $15,000",40.0,46.2,48.2
2019,IN,Indiana,Race/Ethnicity,Hispanic,46.2,38.0,33.8
2019,IN,Indiana,Race/Ethnicity,Non-Hispanic 2 or more races,34.8,22.5,41.5
2019,IN,Indiana,Race/Ethnicity,Non-Hispanic Asian,5.5,19.1,29.6
2019,IN,Indiana,Race/Ethnicity,Non-Hispanic Black,36.7,33.9,44.6
2019,IN,Indiana,Race/Ethnicity,Non-Hispanic Other,41.4,33.7,41.0
2019,IN,Indiana,Race/Ethnicity,Non-Hispanic White,34.9,30.3,42.2
2019,IN,Indiana,Sex,Female,35.7,32.0,39.0
2019,IN,Indiana,Sex,Male,34.9,29.8,44.4
2019,IN,Indiana,Total,Total,35.3,30.9,41.6
2019,KS,Kansas,Age (years),18 - 24,23.8,20.8,46.5
2019,KS,Kansas,Age (years),25 - 34,34.3,23.0,45.8
2019,KS,Kansas,Age (years),35 - 44,39.8,24.1,40.0
2019,KS,Kansas,Age (years),45 - 54,39.7,28.6,44.3
2019,KS,Kansas,Age (years),55 - 64,40.1,31.7,41.0
2019,KS,Kansas,Age (years),65 or older,32.9,32.0,34.1
2019,KS,Kansas,Education,College graduate,31.2,15.7,32.2
2019,KS,Kansas,Education,High school graduate,36.0,35.5,47.4
2019,KS,Kansas,Education,Less than high school,32.0,41.4,47.0
2019,KS,Kansas,Education,Some college or technical school,39.1,26.4,43.3
2019,KS,Kansas,Income,"$15,000 - $24,999",36.9,36.9,46.2
2019,KS,Kansas,Income,"$25,000 - $34,999",36.6,32.7,45.0
2019,KS,Kansas,Income,"$35,000 - $49,999",38.1,28.9,40.1
2019,KS,Kansas,Income,"$50,000 - $74,999",37.0,24.8,41.7
2019,KS,Kansas,Income,"$75,000 or greater",34.4,17.8,36.6
2019,KS,Kansas,Income,Data not reported,27.8,31.0,42.2
2019,KS,Kansas,Income,"Less than $15,000",40.2,37.5,50.6
2019,KS,Kansas,Race/Ethnicity,Hispanic,34.6,30.4,40.6
2019,KS,Kansas,Race/Ethnicity,NH American Indian/Alaska Native,37.9,35.5,49.6
2019,KS,Kansas,Race/Ethnicity,Non-Hispanic 2 or more races,39.8,21.1,44.7
2019,KS,Kansas,Race/Ethnicity,Non-Hispanic Asian,10.1,22.1,34.8
2019,KS,Kansas,Race/Ethnicity,Non-Hispanic Black,45.7,29.8,42.6
2019,KS,Kansas,Race/Ethnicity,Non-Hispanic White,35.2,26.6,41.4
2019,KS,Kansas,Sex,Female,36.4,28.0,37.9
2019,KS,Kansas,Sex,Male,34.0,26.2,45.0
2019,KS,Kansas,Total,Total,35.2,27.1,41.4
2019,KY,Kentucky,Age (years),18 - 24,24.5,23.5,43.0
2019,KY,Kentucky,Age (years),25 - 34,37.8,24.1,47.9
2019,KY,Kentucky,Age (years),35 - 44,37.1,27.8,48.1
2019,KY,Kentucky,Age (years),45 - 54,44.0,36.4,48.9
2019,KY,Kentucky,Age (years),55 - 64,40.8,37.2,46.0
2019,KY,Kentucky,Age (years),65 or older,32.6,41.7,41.7
2019,KY,Kentucky,Education,College graduate,32.5,17.0,38.4
2019,KY,Kentucky,Education,High school graduate,34.5,38.2,49.0
2019,KY,Kentucky,Education,Less than high school,41.2,53.9,47.7
2019,KY,Kentucky,Education,Some college or technical school,39.1,28.6,47.2
2019,KY,Kentucky,Income,"$15,000 - $24,999",39.4,52.6,51.6
2019,KY,Kentucky,Income,"$25,000 - $34,999",39.5,33.2,45.2
2019,KY,Kentucky,Income,"$35,000 - $49,999",37.2,30.2,45.1
2019,KY,Kentucky,Income,"$50,000 - $74,999",39.4,28.9,44.4
2019,KY,Kentucky,Income,"$75,000 or greater",37.8,20.8,43.6
2019,KY,Kentucky,Income,Data not reported,32.8,34.4,45.6
2019,KY,Kentucky,Income,"Less than $15,000",35.7,47.5,50.7
2019,KY,Kentucky,Race/Ethnicity,Hispanic,31.9,36.2,43.6
2019,KY,Kentucky,Race/Ethnicity,NH American Indian/Alaska Native,23.1,34.2,59.5
2019,KY,Kentucky,Race/Ethnicity,Non-Hispanic 2 or more races,40.5,28.5,44.0
2019,KY,Kentucky,Race/Ethnicity,Non-Hispanic Black,41.8,36.8,43.7
2019,KY,Kentucky,Race/Ethnicity,Non-Hispanic White,36.1,32.5,45.9
2019,KY,Kentucky,Sex,Female,37.9,34.3,42.4
2019,KY,Kentucky,Sex,Male,35.0,31.2,49.4
2019,KY,Kentucky,Total,Total,36.5,32.8,45.8
2019,LA,Louisiana,Age (years),18 - 24,23.1,27.4,43.7
2019,LA,Louisiana,Age (years),25 - 34,34.9,29.6,46.6
2019,LA,Louisiana,Age (years),35 - 44,40.9,29.2,50.2
2019,LA,Louisiana,Age (years),45 - 54,43.7,30.5,50.9
2019,LA,Louisiana,Age (years),55 - 64,41.9,36.9,49.4
2019,LA,Louisiana,Age (years),65 or older,30.2,35.5,43.0
2019,LA,Louisiana,Education,College graduate,31.3,18.9,43.5
2019,LA,Louisiana,Education,High school graduate,37.9,38.1,50.7
2019,LA,Louisiana,Education,Less than high school,32.3,45.1,47.8
2019,LA,Louisiana,Education,Some college or technical school,39.0,27.7,46.0
2019,LA,Louisiana,Income,"$15,000 - $24,999",37.6,43.9,47.7
2019,LA,Louisiana,Income,"$25,000 - $34,999",38.1,35.4,49.4
2019,LA,Louisiana,Income,"$35,000 - $49,999",31.2,24.2,49.1
2019,LA,Louisiana,Income,"$50,000 - $74,999",41.2,26.5,48.6
2019,LA,Louisiana,Income,"$75,000 or greater",35.9,20.4,48.1
2019,LA,Louisiana,Income,Data not reported,33.4,36.9,42.2
2019,LA,Louisiana,Income,"Less than $15,000",34.5,42.5,47.2
2019,LA,Louisiana,Race/Ethnicity,Hispanic,35.6,30.1,44.6
2019,LA,Louisiana,Race/Ethnicity,NH American Indian/Alaska Native,39.4,27.8,40.6
2019,LA,Louisiana,Race/Ethnicity,Non-Hispanic 2 or more races,42.5,43.4,56.9
2019,LA,Louisiana,Race/Ethnicity,Non-Hispanic Black,42.3,35.5,42.6
2019,LA,Louisiana,Race/Ethnicity,Non-Hispanic White,32.6,30.5,49.9
2019,LA,Louisiana,Sex,Female,38.3,34.7,46.5
2019,LA,Louisiana,Sex,Male,33.5,28.9,48.1
2019,LA,Louisiana,Total,Total,35.9,31.9,47.2
2019,MA,Massachusetts,Age (years),18 - 24,15.2,20.3,34.1
2019,MA,Massachusetts,Age (years),25 - 34,20.5,25.2,38.8
2019,MA,Massachusetts,Age (years),35 - 44,31.7,25.6,31.2
2019,MA,Massachusetts,Age (years),45 - 54,26.1,24.2,33.5
2019,MA,Massachusetts,Age (years),55 - 64,28.7,27.5,34.7
2019,MA,Massachusetts,Age (years),65 or older,26.7,32.1,26.3
2019,MA,Massachusetts,Education,College graduate,19.6,15.4,29.7
2019,MA,Massachusetts,Education,High school graduate,27.0,31.8,37.1
2019,MA,Massachusetts,Education,Less than high school,32.7,56.6,31.8
2019,MA,Massachusetts,Education,Some college or technical school,29.4,26.2,33.8
2019,MA,Massachusetts,Income,"$15,000 - $24,999",31.3,39.5,31.9
2019,MA,Massachusetts,Income,"$25,000 - $34,999",28.9,39.0,36.6
2019,MA,Massachusetts,Income,"$35,000 - $49,999",28.1,30.5,38.6
2019,MA,Massachusetts,Income,"$50,000 - $74,999",24.0,21.4,38.5
2019,MA,Massachusetts,Income,"$75,000 or greater",24.0,14.3,29.2
2019,MA,Massachusetts,Income,Data not reported,22.3,35.1,31.7
2019,MA,Massachusetts,Income,"Less than $15,000",28.9,41.8,40.0
2019,MA,Massachusetts,Race/Ethnicity,Hispanic,28.0,46.3,32.8
2019,MA,Massachusetts,Race/Ethnicity,Non-Hispanic 2 or more races,19.8,18.0,34.1
2019,MA,Massachusetts,Race/Ethnicity,Non-Hispanic Asian,12.1,23.0,35.9
2019,MA,Massachusetts,Race/Ethnicity,Non-Hispanic Black,31.7,30.7,42.2
2019,MA,Massachusetts,Race/Ethnicity,Non-Hispanic White,25.4,23.2,31.5
2019,MA,Massachusetts,Sex,Female,24.3,27.0,30.1
2019,MA,Massachusetts,Sex,Male,26.0,25.7,35.7
2019,MA,Massachusetts,Total,Total,25.2,26.4,32.7
2019,MD,Maryland,Age (years),18 - 24,20.8,18.6,41.9
2019,MD,Maryland,Age (years),25 - 34,30.2,22.8,41.5
2019,MD,Maryland,Age (years),35 - 44,34.1,21.6,36.6
2019,MD,Maryland,Age (years),45 - 54,38.4,21.2,38.7
2019,MD,Maryland,Age (years),55 - 64,36.5,23.4,37.2
2019,MD,Maryland,Age (years),65 or older,30.4,29.6,31.1
2019,MD,Maryland,Education,College graduate,26.7,13.7,31.2
2019,MD,Maryland,Education,High school graduate,37.9,32.2,42.1
2019,MD,Maryland,Education,Less than high school,31.5,42.3,45.3
2019,MD,Maryland,Education,Some college or technical school,34.6,21.1,38.4
2019,MD,Maryland,Income,"$15,000 - $24,999",35.0,37.9,40.8
2019,MD,Maryland,Income,"$25,000 - $34,999",35.3,32.7,37.5
2019,MD,Maryland,Income,"$35,000 - $49,999",35.3,27.0,42.7
2019,MD,Maryland,Income,"$50,000 - $74,999",34.0,20.9,36.7
2019,MD,Maryland,Income,"$75,000 or greater",31.0,15.4,33.8
2019,MD,Maryland,Income,Data not reported,27.9,26.0,38.5
2019,MD,Maryland,Income,"Less than $15,000",37.1,39.6,47.7
2019,MD,Maryland,Race/Ethnicity,Hispanic,32.0,32.9,35.8
2019,MD,Maryland,Race/Ethnicity,NH American Indian/Alaska Native,41.0,31.2,40.5
2019,MD,Maryland,Race/Ethnicity,Non-Hispanic 2 or more races,42.7,19.3,38.0
2019,MD,Maryland,Race/Ethnicity,Non-Hispanic Asian,10.5,20.2,33.4
2019,MD,Maryland,Race/Ethnicity,Non-Hispanic Black,42.3,26.1,42.5
2019,MD,Maryland,Race/Ethnicity,Non-Hispanic Other,32.8,26.9,24.5
2019,MD,Maryland,Race/Ethnicity,Non-Hispanic White,29.2,20.7,35.5
2019,MD,Maryland,Sex,Female,34.5,24.9,33.4
2019,MD,Maryland,Sex,Male,30.0,21.7,41.6
2019,MD,Maryland,Total,Total,32.3,23.4,37.3
2019,ME,Maine,Age (years),18 - 24,18.3,20.7,39.9
2019,ME,Maine,Age (years),25 - 34,28.9,27.5,38.6
2019,ME,Maine,Age (years),35 - 44,34.2,32.1,35.3
2019,ME,Maine,Age (years),45 - 54,40.3,28.5,38.3
2019,ME,Maine,Age (years),55 - 64,36.3,29.5,37.8
2019,ME,Maine,Age (years),65 or older,28.7,35.7,27.5
2019,ME,Maine,Education,College graduate,23.9,17.9,25.1
2019,ME,Maine,Education,High school graduate,36.9,39.9,41.0
2019,ME,Maine,Education,Less than high school,29.9,42.2,44.9
2019,ME,Maine,Education,Some college or technical school,34.3,28.2,36.8
2019,ME,Maine,Income,"$15,000 - $24,999",33.7,39.7,41.2
2019,ME,Maine,Income,"$25,000 - $34,999",31.6,35.6,40.8
2019,ME,Maine,Income,"$35,000 - $49,999",35.1,28.9,35.5
2019,ME,Maine,Income,"$50,000 - $74,999",33.4,26.4,32.7
2019,ME,Maine,Income,"$75,000 or greater",29.0,17.5,29.3
2019,ME,Maine,Income,Data not reported,29.1,38.5,36.0
2019,ME,Maine,Income,"Less than $15,000",36.1,42.4,44.8
2019,ME,Maine,Race/Ethnicity,Hispanic,31.9,32.1,39.1
2019,ME,Maine,Race/Ethnicity,NH American Indian/Alaska Native,32.2,28.4,39.2
2019,ME,Maine,Race/Ethnicity,Non-Hispanic 2 or more races,43.0,35.2,29.4
2019,ME,Maine,Race/Ethnicity,Non-Hispanic Black,22.6,55.7,56.9
2019,ME,Maine,Race/Ethnicity,Non-Hispanic White,31.7,29.6,34.9
2019,ME,Maine,Sex,Female,30.5,30.0,31.6
2019,ME,Maine,Sex,Male,32.9,30.2,39.1
2019,ME,Maine,Total,Total,31.7,30.1,35.2
2019,MI,Michigan,Age (years),18 - 24,20.0,18.9,45.5
2019,MI,Michigan,Age (years),25 - 34,33.9,20.8,47.5
2019,MI,Michigan,Age (years),35 - 44,37.3,21.2,40.3
2019,MI,Michigan,Age (years),45 - 54,43.6,26.5,43.2
2019,MI,Michigan,Age (years),55 - 64,43.1,29.8,37.1
2019,MI,Michigan,Age (years),65 or older,34.4,30.7,32.2
2019,MI,Michigan,Education,College graduate,30.4,14.2,31.8
2019,MI,Michigan,Education,High school graduate,38.1,32.9,44.3
2019,MI,Michigan,Education,Less than high school,39.6,39.2,48.7
2019,MI,Michigan,Education,Some college or technical school,37.3,23.9,40.7
2019,MI,Michigan,Income,"$15,000 - $24,999",43.5,33.5,45.4
2019,MI,Michigan,Income,"$25,000 - $34,999",37.8,31.3,41.3
2019,MI,Michigan,Income,"$35,000 - $49,999",35.0,27.8,41.7
2019,MI,Michigan,Income,"$50,000 - $74,999",36.9,22.6,39.8
2019,MI,Michigan,Income,"$75,000 or greater",32.3,14.7,35.4
2019,MI,Michigan,Income,Data not reported,32.4,28.5,39.5
2019,MI,Michigan,Income,"Less than $15,000",43.4,43.2,48.8
2019,MI,Michigan,Race/Ethnicity,Hispanic,46.1,21.5,46.2
2019,MI,Michigan,Race/Ethnicity,NH American Indian/Alaska Native,38.2,31.8,35.7
2019,MI,Michigan,Race/Ethnicity,Non-Hispanic 2 or more races,40.0,30.1,41.7
2019,MI,Michigan,Race/Ethnicity,Non-Hispanic Asian,9.7,22.9,41.0
2019,MI,Michigan,Race/Ethnicity,Non-Hispanic Black,43.8,34.4,41.0
2019,MI,Michigan,Race/Ethnicity,Non-Hispanic Other,24.0,19.9,43.8
2019,MI,Michigan,Race/Ethnicity,Non-Hispanic White,35.0,23.8,39.6
2019,MI,Michigan,Sex,Female,37.1,25.9,36.5
2019,MI,Michigan,Sex,Male,34.8,24.9,43.9
2019,MI,Michigan,Total,Total,36.0,25.4,40.1
2019,MN,Minnesota,Age (years),18 - 24,19.5,16.8,40.6
2019,MN,Minnesota,Age (years),25 - 34,26.8,17.8,41.1
2019,MN,Minnesota,Age (years),35 - 44,31.9,19.6,38.0
2019,MN,Minnesota,Age (years),45 - 54,34.7,19.7,36.7
2019,MN,Minnesota,Age (years),55 - 64,35.6,19.8,33.9
2019,MN,Minnesota,Age (years),65 or older,29.7,23.7,25.4
2019,MN,Minnesota,Education,College graduate,24.4,10.2,27.4
2019,MN,Minnesota,Education,High school graduate,32.2,28.1,42.1
2019,MN,Minnesota,Education,Less than high school,31.6,35.4,38.6
2019,MN,Minnesota,Education,Some college or technical school,33.8,19.6,36.9
2019,MN,Minnesota,Income,"$15,000 - $24,999",34.8,30.1,39.4
2019,MN,Minnesota,Income,"$25,000 - $34,999",32.3,27.6,40.8
2019,MN,Minnesota,Income,"$35,000 - $49,999",33.0,21.8,34.9
2019,MN,Minnesota,Income,"$50,000 - $74,999",34.1,19.0,37.9
2019,MN,Minnesota,Income,"$75,000 or greater",26.8,13.0,30.8
2019,MN,Minnesota,Income,Data not reported,27.5,23.3,36.6
2019,MN,Minnesota,Income,"Less than $15,000",34.5,29.6,42.0
2019,MN,Minnesota,Race/Ethnicity,Hispanic,32.0,29.9,37.1
2019,MN,Minnesota,Race/Ethnicity,NH American Indian/Alaska Native,48.2,27.3,39.9
2019,MN,Minnesota,Race/Ethnicity,Non-Hispanic 2 or more races,29.6,20.1,33.7
2019,MN,Minnesota,Race/Ethnicity,Non-Hispanic Asian,21.5,23.5,42.0
2019,MN,Minnesota,Race/Ethnicity,Non-Hispanic Black,33.7,27.1,41.2
2019,MN,Minnesota,Race/Ethnicity,Non-Hispanic Other,25.1,21.6,38.4
2019,MN,Minnesota,Race/Ethnicity,Non-Hispanic White,30.1,18.6,34.3
2019,MN,Minnesota,Sex,Female,29.1,19.0,31.0
2019,MN,Minnesota,Sex,Male,31.1,20.8,39.4
2019,MN,Minnesota,Total,Total,30.1,19.9,35.2
2019,MO,Missouri,Age (years),18 - 24,22.9,25.7,46.0
2019,MO,Missouri,Age (years),25 - 34,33.9,23.5,42.8
2019,MO,Missouri,Age (years),35 - 44,34.3,25.0,41.9
2019,MO,Missouri,Age (years),45 - 54,46.6,34.0,46.2
2019,MO,Missouri,Age (years),55 - 64,37.7,34.1,46.1
2019,MO,Missouri,Age (years),65 or older,31.9,37.2,34.2
2019,MO,Missouri,Education,College graduate,28.5,18.3,33.9
2019,MO,Missouri,Education,High school graduate,36.4,36.7,44.6
2019,MO,Missouri,Education,Less than high school,41.8,44.6,50.2
2019,MO,Missouri,Education,Some college or technical school,36.1,29.9,44.1
2019,MO,Missouri,Income,"$15,000 - $24,999",37.7,42.1,47.7
2019,MO,Missouri,Income,"$25,000 - $34,999",35.9,33.3,41.4
2019,MO,Missouri,Income,"$35,000 - $49,999",37.2,31.4,43.0
2019,MO,Missouri,Income,"$50,000 - $74,999",35.5,31.0,41.8
2019,MO,Missouri,Income,"$75,000 or greater",34.2,18.4,38.4
2019,MO,Missouri,Income,Data not reported,28.8,35.7,41.4
2019,MO,Missouri,Income,"Less than $15,000",37.5,37.3,49.0
2019,MO,Missouri,Race/Ethnicity,Hispanic,39.6,29.9,43.7
2019,MO,Missouri,Race/Ethnicity,NH American Indian/Alaska Native,40.7,26.6,28.8
2019,MO,Missouri,Race/Ethnicity,Non-Hispanic 2 or more races,48.4,36.1,41.2
2019,MO,Missouri,Race/Ethnicity,Non-Hispanic Black,39.9,33.2,39.7
2019,MO,Missouri,Race/Ethnicity,Non-Hispanic White,34.0,30.1,43.0
2019,MO,Missouri,Sex,Female,34.6,31.6,39.3
2019,MO,Missouri,Sex,Male,34.9,29.4,45.3
2019,MO,Missouri,Total,Total,34.8,30.6,42.2
2019,MS,Mississippi,Age (years),18 - 24,27.8,25.9,44.4
2019,MS,Mississippi,Age (years),25 - 34,37.2,31.1,48.7
2019,MS,Mississippi,Age (years),35 - 44,46.9,33.3,44.1
2019,MS,Mississippi,Age (years),45 - 54,50.1,40.0,52.7
2019,MS,Mississippi,Age (years),55 - 64,45.9,44.8,54.3
2019,MS,Mississippi,Age (years),65 or older,36.4,46.0,41.9
2019,MS,Mississippi,Education,College graduate,36.1,24.6,44.1
2019,MS,Mississippi,Education,High school graduate,42.5,42.9,51.1
2019,MS,Mississippi,Education,Less than high school,43.1,52.3,52.8
2019,MS,Mississippi,Education,Some college or technical school,41.2,34.3,44.1
2019,MS,Mississippi,Income,"$15,000 - $24,999",43.1,45.8,46.7
2019,MS,Mississippi,Income,"$25,000 - $34,999",48.2,38.2,46.4
2019,MS,Mississippi,Income,"$35,000 - $49,999",43.9,34.2,50.5
2019,MS,Mississippi,Income,"$50,000 - $74,999",39.4,25.8,40.3
2019,MS,Mississippi,Income,"$75,000 or greater",37.2,23.0,48.2
2019,MS,Mississippi,Income,Data not reported,35.7,44.8,48.2
2019,MS,Mississippi,Income,"Less than $15,000",42.8,54.3,51.9
2019,MS,Mississippi,Race/Ethnicity,Non-Hispanic Black,46.4,42.5,45.4
2019,MS,Mississippi,Race/Ethnicity,Non-Hispanic White,37.8,36.3,50.2
2019,MS,Mississippi,Sex,Female,44.9,40.1,47.3
2019,MS,Mississippi,Sex,Male,36.7,35.1,47.7
2019,MS,Mississippi,Total,Total,40.8,37.7,47.5
2019,MT,Montana,Age (years),18 - 24,17.3,14.7,43.7
2019,MT,Montana,Age (years),25 - 34,23.9,12.8,46.6
2019,MT,Montana,Age (years),35 - 44,29.4,15.8,39.3
2019,MT,Montana,Age (years),45 - 54,33.7,21.1,44.1
2019,MT,Montana,Age (years),55 - 64,33.2,21.5,41.3
2019,MT,Montana,Age (years),65 or older,29.5,26.7,34.7
2019,MT,Montana,Education,College graduate,22.5,12.2,33.0
2019,MT,Montana,Education,High school graduate,30.8,22.7,45.4
2019,MT,Montana,Education,Less than high school,33.8,37.3,45.9
2019,MT,Montana,Education,Some college or technical school,29.8,19.2,42.2
2019,MT,Montana,Income,"$15,000 - $24,999",32.1,26.6,43.0
2019,MT,Montana,Income,"$25,000 - $34,999",30.9,21.1,42.4
2019,MT,Montana,Income,"$35,000 - $49,999",31.1,20.7,42.1
2019,MT,Montana,Income,"$50,000 - $74,999",30.7,18.0,42.3
2019,MT,Montana,Income,"$75,000 or greater",23.0,11.9,35.1
2019,MT,Montana,Income,Data not reported,23.4,23.1,41.1
2019,MT,Montana,Income,"Less than $15,000",35.4,26.9,49.5
2019,MT,Montana,Race/Ethnicity,Hispanic,31.6,20.3,43.9
2019,MT,Montana,Race/Ethnicity,NH American Indian/Alaska Native,40.8,23.2,46.7
2019,MT,Montana,Race/Ethnicity,Non-Hispanic 2 or more races,34.3,20.0,40.0
2019,MT,Montana,Race/Ethnicity,Non-Hispanic White,27.5,19.3,40.7
2019,MT,Montana,Sex,Female,29.5,20.0,37.0
2019,MT,Montana,Sex,Male,27.3,19.3,44.8
2019,MT,Montana,Total,Total,28.3,19.7,40.9
2019,NC,North Carolina,Age (years),18 - 24,22.9,20.3,40.9
2019,NC,North Carolina,Age (years),25 - 34,30.5,22.1,39.4
2019,NC,North Carolina,Age (years),35 - 44,37.4,24.0,35.5
2019,NC,North Carolina,Age (years),45 - 54,42.2,31.0,38.6
2019,NC,North Carolina,Age (years),55 - 64,37.7,30.1,41.0
2019,NC,North Carolina,Age (years),65 or older,31.6,28.3,34.9
2019,NC,North Carolina,Education,College graduate,27.5,13.4,30.4
2019,NC,North Carolina,Education,High school graduate,37.0,32.8,46.2
2019,NC,North Carolina,Education,Less than high school,37.0,45.9,41.0
2019,NC,North Carolina,Education,Some college or technical school,35.8,24.3,37.4
2019,NC,North Carolina,Income,"$15,000 - $24,999",35.0,37.8,41.0
2019,NC,North Carolina,Income,"$25,000 - $34,999",35.5,32.8,41.2
2019,NC,North Carolina,Income,"$35,000 - $49,999",38.8,25.9,39.2
2019,NC,North Carolina,Income,"$50,000 - $74,999",37.6,19.7,38.7
2019,NC,North Carolina,Income,"$75,000 or greater",30.3,13.6,33.8
2019,NC,North Carolina,Income,Data not reported,29.6,31.6,38.2
2019,NC,North Carolina,Income,"Less than $15,000",44.0,41.6,43.5
2019,NC,North Carolina,Race/Ethnicity,Hispanic,31.4,40.9,28.5
2019,NC,North Carolina,Race/Ethnicity,NH American Indian/Alaska Native,35.0,39.9,48.5
2019,NC,North Carolina,Race/Ethnicity,Non-Hispanic 2 or more races,48.7,18.4,32.5
2019,NC,North Carolina,Race/Ethnicity,Non-Hispanic Asian,18.2,15.0,50.7
2019,NC,North Carolina,Race/Ethnicity,Non-Hispanic Black,47.7,26.7,39.1
2019,NC,North Carolina,Race/Ethnicity,Non-Hispanic White,30.0,24.6,39.0
2019,NC,North Carolina,Sex,Female,37.4,27.7,36.2
2019,NC,North Carolina,Sex,Male,30.6,24.8,40.3
2019,NC,North Carolina,Total,Total,34.0,26.3,38.1
2019,ND,North Dakota,Age (years),18 - 24,16.7,23.6,46.8
2019,ND,North Dakota,Age (years),25 - 34,32.9,23.7,43.2
2019,ND,North Dakota,Age (years),35 - 44,46.5,26.6,46.3
2019,ND,North Dakota,Age (years),45 - 54,42.1,31.4,44.5
2019,ND,North Dakota,Age (years),55 - 64,37.4,31.2,38.2
2019,ND,North Dakota,Age (years),65 or older,33.4,31.6,29.0
2019,ND,North Dakota,Education,College graduate,31.9,17.1,32.9
2019,ND,North Dakota,Education,High school graduate,33.9,35.0,41.5
2019,ND,North Dakota,Education,Less than high school,35.8,41.8,40.6
2019,ND,North Dakota,Education,Some college or technical school,37.1,27.7,45.3
2019,ND,North Dakota,Income,"$15,000 - $24,999",31.1,38.7,40.6
2019,ND,North Dakota,Income,"$25,000 - $34,999",34.8,39.3,44.6
2019,ND,North Dakota,Income,"$35,000 - $49,999",34.1,29.0,42.3
2019,ND,North Dakota,Income,"$50,000 - $74,999",37.9,24.6,40.6
2019,ND,North Dakota,Income,"$75,000 or greater",38.0,19.2,41.0
2019,ND,North Dakota,Income,Data not reported,23.9,38.0,36.7
2019,ND,North Dakota,Income,"Less than $15,000",35.2,39.1,36.0
2019,ND,North Dakota,Race/Ethnicity,Hispanic,38.5,30.6,37.2
2019,ND,North Dakota,Race/Ethnicity,NH American Indian/Alaska Native,57.8,49.5,50.6
2019,ND,North Dakota,Race/Ethnicity,Non-Hispanic 2 or more races,25.9,25.6,29.3
2019,ND,North Dakota,Race/Ethnicity,Non-Hispanic White,34.6,26.8,40.1
2019,ND,North Dakota,Sex,Female,33.1,28.3,36.2
2019,ND,North Dakota,Sex,Male,36.3,27.8,44.8
2019,ND,North Dakota,Total,Total,34.8,28.0,40.6
2019,NE,Nebraska,Age (years),18 - 24,19.6,17.1,41.1
2019,NE,Nebraska,Age (years),25 - 34,30.6,23.7,42.3
2019,NE,Nebraska,Age (years),35 - 44,39.3,27.2,41.3
2019,NE,Nebraska,Age (years),45 - 54,38.5,27.4,42.2
2019,NE,Nebraska,Age (years),55 - 64,40.4,30.2,40.2
2019,NE,Nebraska,Age (years),65 or older,34.0,32.4,32.4
2019,NE,Nebraska,Education,College graduate,28.9,14.3,33.3
2019,NE,Nebraska,Education,High school graduate,36.6,34.3,43.8
2019,NE,Nebraska,Education,Less than high school,35.4,48.9,40.7
2019,NE,Nebraska,Education,Some college or technical school,36.2,25.6,40.9
2019,NE,Nebraska,Income,"$15,000 - $24,999",35.9,38.3,42.8
2019,NE,Nebraska,Income,"$25,000 - $34,999",37.6,34.3,41.0
2019,NE,Nebraska,Income,"$35,000 - $49,999",34.2,27.6,40.8
2019,NE,Nebraska,Income,"$50,000 - $74,999",36.8,21.6,38.4
2019,NE,Nebraska,Income,"$75,000 or greater",32.6,15.9,36.6
2019,NE,Nebraska,Income,Data not reported,28.3,35.2,40.6
2019,NE,Nebraska,Income,"Less than $15,000",35.7,43.9,43.0
2019,NE,Nebraska,Race/Ethnicity,Hispanic,36.5,44.1,36.0
2019,NE,Nebraska,Race/Ethnicity,NH American Indian/Alaska Native,49.9,40.7,44.8
2019,NE,Nebraska,Race/Ethnicity,Non-Hispanic 2 or more races,27.2,19.7,46.6
2019,NE,Nebraska,Race/Ethnicity,Non-Hispanic Asian,9.9,32.4,39.2
2019,NE,Nebraska,Race/Ethnicity,Non-Hispanic Black,40.3,32.5,37.6
2019,NE,Nebraska,Race/Ethnicity,Non-Hispanic White,33.9,24.4,39.9
2019,NE,Nebraska,Sex,Female,34.7,27.3,35.1
2019,NE,Nebraska,Sex,Male,33.6,26.5,44.0
2019,NE,Nebraska,Total,Total,34.1,26.9,39.5
2019,NH,New Hampshire,Age (years),18 - 24,23.5,11.9,41.3
2019,NH,New Hampshire,Age (years),25 - 34,32.3,21.8,42.0
2019,NH,New Hampshire,Age (years),35 - 44,37.6,21.0,40.5
2019,NH,New Hampshire,Age (years),45 - 54,34.6,20.9,36.4
2019,NH,New Hampshire,Age (years),55 - 64,33.5,22.9,34.0
2019,NH,New Hampshire,Age (years),65 or older,28.0,25.7,27.3
2019,NH,New Hampshire,Education,College graduate,25.0,11.4,28.9
2019,NH,New Hampshire,Education,High school graduate,36.8,33.1,42.1
2019,NH,New Hampshire,Education,Less than high school,37.8,34.0,48.1
2019,NH,New Hampshire,Education,Some college or technical school,33.0,20.0,34.2
2019,NH,New Hampshire,Income,"$15,000 - $24,999",35.6,41.0,38.4
2019,NH,New Hampshire,Income,"$25,000 - $34,999",34.4,35.0,40.9
2019,NH,New Hampshire,Income,"$35,000 - $49,999",33.2,23.3,36.9
2019,NH,New Hampshire,Income,"$50,000 - $74,999",34.2,18.9,33.7
2019,NH,New Hampshire,Income,"$75,000 or greater",28.7,12.9,34.0
2019,NH,New Hampshire,Income,Data not reported,29.8,21.5,34.1
2019,NH,New Hampshire,Income,"Less than $15,000",41.3,44.2,46.6
2019,NH,New Hampshire,Race/Ethnicity,Non-Hispanic Other,38.3,22.0,39.1
2019,NH,New Hampshire,Race/Ethnicity,Non-Hispanic White,32.3,21.0,35.1
2019,NH,New Hampshire,Sex,Female,30.5,23.9,33.5
2019,NH,New Hampshire,Sex,Male,32.9,19.4,38.0
2019,NH,New Hampshire,Total,Total,31.8,21.7,35.7
2019,NM,New Mexico,Age (years),18 - 24,22.5,19.9,50.9
2019,NM,New Mexico,Age (years),25 - 34,38.1,22.2,45.3
2019,NM,New Mexico,Age (years),35 - 44,32.9,23.0,41.4
2019,NM,New Mexico,Age (years),45 - 54,39.7,29.1,44.3
2019,NM,New Mexico,Age (years),55 - 64,33.5,25.2,41.9
2019,NM,New Mexico,Age (years),65 or older,24.9,29.8,38.5
2019,NM,New Mexico,Education,College graduate,25.3,12.8,36.5
2019,NM,New Mexico,Education,High school graduate,35.4,28.7,46.3
2019,NM,New Mexico,Education,Less than high school,32.6,43.2,40.9
2019,NM,New Mexico,Education,Some college or technical school,33.1,23.4,46.2
2019,NM,New Mexico,Income,"$15,000 - $24,999",36.6,32.8,41.8
2019,NM,New Mexico,Income,"$25,000 - $34,999",30.9,24.8,37.8
2019,NM,New Mexico,Income,"$35,000 - $49,999",28.3,26.0,41.2
2019,NM,New Mexico,Income,"$50,000 - $74,999",31.0,22.1,45.4
2019,NM,New Mexico,Income,"$75,000 or greater",29.9,12.5,42.3
2019,NM,New Mexico,Income,Data not reported,27.6,29.3,47.8
2019,NM,New Mexico,Income,"Less than $15,000",37.1,37.4,46.0
2019,NM,New Mexico,Race/Ethnicity,Hispanic,34.7,29.9,42.2
2019,NM,New Mexico,Race/Ethnicity,NH American Indian/Alaska Native,46.1,23.5,43.4
2019,NM,New Mexico,Race/Ethnicity,Non-Hispanic 2 or more races,25.0,16.0,59.4
2019,NM,New Mexico,Race/Ethnicity,Non-Hispanic Black,40.0,26.2,45.4
2019,NM,New Mexico,Race/Ethnicity,Non-Hispanic White,25.2,21.3,43.0
2019,NM,New Mexico,Sex,Female,32.5,27.0,39.6
2019,NM,New Mexico,Sex,Male,31.0,23.7,46.6
2019,NM,New Mexico,Total,Total,31.7,25.4,43.1
2019,NV,Nevada,Age (years),18 - 24,17.7,27.0,53.8
2019,NV,Nevada,Age (years),25 - 34,29.8,23.3,49.9
2019,NV,Nevada,Age (years),35 - 44,34.8,23.7,41.4
2019,NV,Nevada,Age (years),45 - 54,35.5,25.5,38.4
2019,NV,Nevada,Age (years),55 - 64,33.5,26.4,48.6
2019,NV,Nevada,Age (years),65 or older,28.6,28.8,33.8
2019,NV,Nevada,Education,College graduate,25.5,14.5,37.5
2019,NV,Nevada,Education,High school graduate,33.2,34.6,49.1
2019,NV,Nevada,Education,Less than high school,36.0,38.5,41.8
2019,NV,Nevada,Education,Some college or technical school,29.9,19.9,42.3
2019,NV,Nevada,Income,"$15,000 - $24,999",34.8,35.6,41.3
2019,NV,Nevada,Income,"$25,000 - $34,999",32.5,25.7,50.9
2019,NV,Nevada,Income,"$35,000 - $49,999",35.5,26.0,43.0
2019,NV,Nevada,Income,"$50,000 - $74,999",26.1,21.3,38.2
2019,NV,Nevada,Income,"$75,000 or greater",30.7,15.5,42.2
2019,NV,Nevada,Income,Data not reported,24.0,33.5,45.2
2019,NV,Nevada,Income,"Less than $15,000",39.8,34.8,48.7
2019,NV,Nevada,Race/Ethnicity,Hispanic,34.5,30.9,40.0
2019,NV,Nevada,Race/Ethnicity,Non-Hispanic 2 or more races,29.6,20.9,46.4
2019,NV,Nevada,Race/Ethnicity,Non-Hispanic Asian,20.8,28.7,56.4
2019,NV,Nevada,Race/Ethnicity,Non-Hispanic Black,38.8,21.4,41.3
2019,NV,Nevada,Race/Ethnicity,Non-Hispanic White,28.1,23.5,43.2
2019,NV,Nevada,Sex,Female,29.2,27.2,39.8
2019,NV,Nevada,Sex,Male,31.9,24.4,47.0
2019,NV,Nevada,Total,Total,30.6,25.8,43.4
2019,NY,New York,Age (years),18 - 24,16.6,20.4,38.7
2019,NY,New York,Age (years),25 - 34,23.0,24.1,39.3
2019,NY,New York,Age (years),35 - 44,31.8,29.3,33.8
2019,NY,New York,Age (years),45 - 54,32.9,27.0,35.7
2019,NY,New York,Age (years),55 - 64,32.0,27.0,35.5
2019,NY,New York,Age (years),65 or older,24.5,32.5,27.9
2019,NY,New York,Education,College graduate,20.7,16.4,29.3
2019,NY,New York,Education,High school graduate,31.0,33.9,37.1
2019,NY,New York,Education,Less than high school,31.6,45.6,38.9
2019,NY,New York,Education,Some college or technical school,29.4,25.0,37.8
2019,NY,New York,Income,"$15,000 - $24,999",34.4,35.9,35.7
2019,NY,New York,Income,"$25,000 - $34,999",31.2,34.9,36.8
2019,NY,New York,Income,"$35,000 - $49,999",29.2,30.7,35.2
2019,NY,New York,Income,"$50,000 - $74,999",28.6,23.1,36.2
2019,NY,New York,Income,"$75,000 or greater",24.3,15.4,31.8
2019,NY,New York,Income,Data not reported,21.6,32.9,33.3
2019,NY,New York,Income,"Less than $15,000",32.2,41.3,45.0
2019,NY,New York,Race/Ethnicity,Hispanic,29.4,37.4,38.5
2019,NY,New York,Race/Ethnicity,NH American Indian/Alaska Native,24.2,22.3,26.7
2019,NY,New York,Race/Ethnicity,Non-Hispanic 2 or more races,29.8,24.3,43.5
2019,NY,New York,Race/Ethnicity,Non-Hispanic Asian,12.5,25.1,32.6
2019,NY,New York,Race/Ethnicity,Non-Hispanic Black,36.4,32.9,38.3
2019,NY,New York,Race/Ethnicity,Non-Hispanic Other,30.7,34.3,35.2
2019,NY,New York,Race/Ethnicity,Non-Hispanic White,26.4,22.8,33.2
2019,NY,New York,Sex,Female,27.7,29.4,32.0
2019,NY,New York,Sex,Male,26.5,24.9,37.7
2019,NY,New York,Total,Total,27.1,27.2,34.7
2019,OH,Ohio,Age (years),18 - 24,20.8,16.4,49.6
2019,OH,Ohio,Age (years),25 - 34,34.4,24.5,45.3
2019,OH,Ohio,Age (years),35 - 44,34.7,26.6,42.8
2019,OH,Ohio,Age (years),45 - 54,39.7,30.6,45.8
2019,OH,Ohio,Age (years),55 - 64,42.2,32.2,41.3
2019,OH,Ohio,Age (years),65 or older,33.6,33.7,36.1
2019,OH,Ohio,Education,College graduate,30.3,16.0,33.0
2019,OH,Ohio,Education,High school graduate,36.3,33.1,45.8
2019,OH,Ohio,Education,Less than high school,36.0,50.5,54.0
2019,OH,Ohio,Education,Some college or technical school,36.7,25.8,44.1
2019,OH,Ohio,Income,"$15,000 - $24,999",37.1,38.4,49.5
2019,OH,Ohio,Income,"$25,000 - $34,999",39.2,37.2,42.7
2019,OH,Ohio,Income,"$35,000 - $49,999",39.5,29.8,43.3
2019,OH,Ohio,Income,"$50,000 - $74,999",31.7,25.0,40.0
2019,OH,Ohio,Income,"$75,000 or greater",31.1,15.4,38.3
2019,OH,Ohio,Income,Data not reported,30.8,29.1,38.8
2019,OH,Ohio,Income,"Less than $15,000",43.7,47.1,58.1
2019,OH,Ohio,Race/Ethnicity,Hispanic,39.4,30.5,40.4
2019,OH,Ohio,Race/Ethnicity,NH American Indian/Alaska Native,34.9,42.7,27.2
2019,OH,Ohio,Race/Ethnicity,Non-Hispanic 2 or more races,48.3,22.9,37.8
2019,OH,Ohio,Race/Ethnicity,Non-Hispanic Asian,11.3,11.8,36.9
2019,OH,Ohio,Race/Ethnicity,Non-Hispanic Black,42.4,36.9,47.5
2019,OH,Ohio,Race/Ethnicity,Non-Hispanic White,33.9,27.4,42.6
2019,OH,Ohio,Sex,Female,35.7,30.4,40.4
2019,OH,Ohio,Sex,Male,33.9,26.0,45.2
2019,OH,Ohio,Total,Total,34.8,28.3,42.7
2019,OK,Oklahoma,Age (years),18 - 24,26.6,27.5,50.1
2019,OK,Oklahoma,Age (years),25 - 34,35.1,25.8,47.8
2019,OK,Oklahoma,Age (years),35 - 44,39.9,30.3,50.7
2019,OK,Oklahoma,Age (years),45 - 54,45.3,38.1,52.7
2019,OK,Oklahoma,Age (years),55 - 64,43.1,38.7,52.2
2019,OK,Oklahoma,Age (years),65 or older,31.2,41.1,40.4
2019,OK,Oklahoma,Education,College graduate,33.3,21.5,40.3
2019,OK,Oklahoma,Education,High school graduate,37.2,38.6,52.1
2019,OK,Oklahoma,Education,Less than high school,37.6,51.1,58.4
2019,OK,Oklahoma,Education,Some college or technical school,38.7,31.9,47.4
2019,OK,Oklahoma,Income,"$15,000 - $24,999",41.8,44.1,49.8
2019,OK,Oklahoma,Income,"$25,000 - $34,999",34.9,38.3,50.5
2019,OK,Oklahoma,Income,"$35,000 - $49,999",35.0,31.3,48.0
2019,OK,Oklahoma,Income,"$50,000 - $74,999",40.4,28.6,51.5
2019,OK,Oklahoma,Income,"$75,000 or greater",34.8,23.3,43.7
2019,OK,Oklahoma,Income,Data not reported,31.8,39.3,47.3
2019,OK,Oklahoma,Income,"Less than $15,000",42.4,45.4,56.2
2019,OK,Oklahoma,Race/Ethnicity,Hispanic,41.8,42.2,44.6
2019,OK,Oklahoma,Race/Ethnicity,NH American Indian/Alaska Native,41.9,33.5,55.8
2019,OK,Oklahoma,Race/Ethnicity,Non-Hispanic 2 or more races,41.7,27.9,45.4
2019,OK,Oklahoma,Race/Ethnicity,Non-Hispanic Black,45.2,35.5,49.1
2019,OK,Oklahoma,Race/Ethnicity,Non-Hispanic White,35.2,33.5,49.1
2019,OK,Oklahoma,Sex,Female,37.2,35.6,46.1
2019,OK,Oklahoma,Sex,Male,36.4,32.4,51.0
2019,OK,Oklahoma,Total,Total,36.8,34.0,48.4
2019,OR,Oregon,Age (years),18 - 24,18.3,21.5,47.8
2019,OR,Oregon,Age (years),25 - 34,26.2,20.7,36.8
2019,OR,Oregon,Age (years),35 - 44,30.9,22.5,37.3
2019,OR,Oregon,Age (years),45 - 54,35.5,24.5,36.6
2019,OR,Oregon,Age (years),55 - 64,31.8,24.2,36.8
2019,OR,Oregon,Age (years),65 or older,28.4,27.9,27.4
2019,OR,Oregon,Education,College graduate,23.9,13.8,28.7
2019,OR,Oregon,Education,High school graduate,31.8,30.9,40.9
2019,OR,Oregon,Education,Less than high school,28.5,39.9,41.8
2019,OR,Oregon,Education,Some college or technical school,31.5,23.1,37.0
2019,OR,Oregon,Income,"$15,000 - $24,999",34.4,36.5,39.0
2019,OR,Oregon,Income,"$25,000 - $34,999",29.7,30.9,38.2
2019,OR,Oregon,Income,"$35,000 - $49,999",30.5,22.1,36.2
2019,OR,Oregon,Income,"$50,000 - $74,999",26.3,17.3,32.6
2019,OR,Oregon,Income,"$75,000 or greater",28.4,14.0,31.5
2019,OR,Oregon,Income,Data not reported,26.1,29.5,37.2
2019,OR,Oregon,Income,"Less than $15,000",33.7,31.8,49.7
2019,OR,Oregon,Race/Ethnicity,Hispanic,34.9,36.3,41.0
2019,OR,Oregon,Race/Ethnicity,NH American Indian/Alaska Native,44.4,29.9,41.3
2019,OR,Oregon,Race/Ethnicity,Non-Hispanic 2 or more races,34.9,22.0,44.9
2019,OR,Oregon,Race/Ethnicity,Non-Hispanic Asian,17.3,19.8,37.4
2019,OR,Oregon,Race/Ethnicity,Non-Hispanic Black,25.9,26.1,39.7
2019,OR,Oregon,Race/Ethnicity,Non-Hispanic White,28.4,21.9,34.7
2019,OR,Oregon,Sex,Female,29.0,24.4,33.6
2019,OR,Oregon,Sex,Male,29.0,23.5,38.2
2019,OR,Oregon,Total,Total,29.0,23.9,35.8
2019,PA,Pennsylvania,Age (years),18 - 24,23.3,14.5,46.3
2019,PA,Pennsylvania,Age (years),25 - 34,27.7,21.8,40.6
2019,PA,Pennsylvania,Age (years),35 - 44,37.4,22.5,37.2
2019,PA,Pennsylvania,Age (years),45 - 54,38.7,26.1,42.2
2019,PA,Pennsylvania,Age (years),55 - 64,37.8,29.5,36.5
2019,PA,Pennsylvania,Age (years),65 or older,31.9,32.1,31.2
2019,PA,Pennsylvania,Education,College graduate,27.2,13.5,30.9
2019,PA,Pennsylvania,Education,High school graduate,35.6,32.7,41.3
2019,PA,Pennsylvania,Education,Less than high school,35.9,37.2,42.3
2019,PA,Pennsylvania,Education,Some college or technical school,35.4,24.4,40.1
2019,PA,Pennsylvania,Income,"$15,000 - $24,999",39.2,40.4,41.6
2019,PA,Pennsylvania,Income,"$25,000 - $34,999",30.6,37.7,42.2
2019,PA,Pennsylvania,Income,"$35,000 - $49,999",37.8,26.4,41.3
2019,PA,Pennsylvania,Income,"$50,000 - $74,999",35.8,20.0,39.8
2019,PA,Pennsylvania,Income,"$75,000 or greater",29.4,15.8,33.3
2019,PA,Pennsylvania,Income,Data not reported,28.5,28.6,36.3
2019,PA,Pennsylvania,Income,"Less than $15,000",42.4,40.0,47.6
2019,PA,Pennsylvania,Race/Ethnicity,Hispanic,32.7,32.0,41.2
2019,PA,Pennsylvania,Race/Ethnicity,Non-Hispanic 2 or more races,30.9,18.7,31.6
2019,PA,Pennsylvania,Race/Ethnicity,Non-Hispanic Asian,8.8,25.2,33.3
2019,PA,Pennsylvania,Race/Ethnicity,Non-Hispanic Black,44.5,30.7,44.7
2019,PA,Pennsylvania,Race/Ethnicity,Non-Hispanic White,32.4,24.3,37.2
2019,PA,Pennsylvania,Sex,Female,33.2,26.7,36.5
2019,PA,Pennsylvania,Sex,Male,33.3,24.3,39.7
2019,PA,Pennsylvania,Total,Total,33.2,25.6,38.0
2019,RI,Rhode Island,Age (years),18 - 24,20.7,27.8,39.0
2019,RI,Rhode Island,Age (years),25 - 34,32.2,25.1,42.3
2019,RI,Rhode Island,Age (years),35 - 44,31.1,23.9,35.2
2019,RI,Rhode Island,Age (years),45 - 54,31.9,24.0,35.7
2019,RI,Rhode Island,Age (years),55 - 64,33.4,25.3,33.4
2019,RI,Rhode Island,Age (years),65 or older,29.0,30.9,32.6
2019,RI,Rhode Island,Education,College graduate,23.3,13.7,29.1
2019,RI,Rhode Island,Education,High school graduate,30.6,34.3,40.6
2019,RI,Rhode Island,Education,Less than high school,40.4,49.8,45.3
2019,RI,Rhode Island,Education,Some college or technical school,32.7,23.0,35.9
2019,RI,Rhode Island,Income,"$15,000 - $24,999",34.7,40.9,39.0
2019,RI,Rhode Island,Income,"$25,000 - $34,999",29.2,34.7,33.3
2019,RI,Rhode Island,Income,"$35,000 - $49,999",34.7,30.5,33.9
2019,RI,Rhode Island,Income,"$50,000 - $74,999",30.3,24.5,39.2
2019,RI,Rhode Island,Income,"$75,000 or greater",26.9,13.5,33.3
2019,RI,Rhode Island,Income,Data not reported,27.8,32.0,38.4
2019,RI,Rhode Island,Income,"Less than $15,000",37.3,37.1,37.6
2019,RI,Rhode Island,Race/Ethnicity,Hispanic,38.3,42.4,35.4
2019,RI,Rhode Island,Race/Ethnicity,Non-Hispanic 2 or more races,35.5,18.0,20.1
2019,RI,Rhode Island,Race/Ethnicity,Non-Hispanic Asian,4.0,22.7,41.2
2019,RI,Rhode Island,Race/Ethnicity,Non-Hispanic Black,37.3,31.6,40.2
2019,RI,Rhode Island,Race/Ethnicity,Non-Hispanic Other,39.5,26.8,50.4
2019,RI,Rhode Island,Race/Ethnicity,Non-Hispanic White,28.8,23.7,36.3
2019,RI,Rhode Island,Sex,Female,28.2,28.3,31.8
2019,RI,Rhode Island,Sex,Male,31.9,24.5,40.7
2019,RI,Rhode Island,Total,Total,30.0,26.5,36.1
2019,SC,South Carolina,Age (years),18 - 24,27.0,22.1,44.2
2019,SC,South Carolina,Age (years),25 - 34,35.5,25.4,44.6
2019,SC,South Carolina,Age (years),35 - 44,38.3,28.6,46.1
2019,SC,South Carolina,Age (years),45 - 54,39.3,32.2,48.1
2019,SC,South Carolina,Age (years),55 - 64,38.6,31.4,44.4
2019,SC,South Carolina,Age (years),65 or older,32.5,30.5,35.4
2019,SC,South Carolina,Education,College graduate,27.9,16.8,38.0
2019,SC,South Carolina,Education,High school graduate,40.4,35.5,43.6
2019,SC,South Carolina,Education,Less than high school,36.3,45.1,49.1
2019,SC,South Carolina,Education,Some college or technical school,36.3,25.5,44.6
2019,SC,South Carolina,Income,"$15,000 - $24,999",41.7,36.6,44.9
2019,SC,South Carolina,Income,"$25,000 - $34,999",42.3,40.8,43.4
2019,SC,South Carolina,Income,"$35,000 - $49,999",34.4,32.2,45.0
2019,SC,South Carolina,Income,"$50,000 - $74,999",33.8,21.2,42.1
2019,SC,South Carolina,Income,"$75,000 or greater",31.6,15.8,40.9
2019,SC,South Carolina,Income,Data not reported,30.1,31.0,46.5
2019,SC,South Carolina,Income,"Less than $15,000",43.5,48.1,40.9
2019,SC,South Carolina,Race/Ethnicity,Hispanic,30.4,34.3,44.9
2019,SC,South Carolina,Race/Ethnicity,Non-Hispanic 2 or more races,37.2,24.0,41.9
2019,SC,South Carolina,Race/Ethnicity,Non-Hispanic Black,45.6,35.0,42.0
2019,SC,South Carolina,Race/Ethnicity,Non-Hispanic White,32.2,26.2,44.0
2019,SC,South Carolina,Sex,Female,36.8,30.9,40.1
2019,SC,South Carolina,Sex,Male,33.8,26.5,46.5
2019,SC,South Carolina,Total,Total,35.4,28.8,43.2
2019,SD,South Dakota,Age (years),18 - 24,17.3,22.0,44.5
2019,SD,South Dakota,Age (years),25 - 34,32.7,20.9,45.6
2019,SD,South Dakota,Age (years),35 - 44,34.7,22.8,44.7
2019,SD,South Dakota,Age (years),45 - 54,37.5,33.6,39.4
2019,SD,South Dakota,Age (years),55 - 64,43.9,36.9,36.8
2019,SD,South Dakota,Age (years),65 or older,29.8,39.0,29.1
2019,SD,South Dakota,Education,College graduate,31.7,20.0,31.3
2019,SD,South Dakota,Education,High school graduate,34.3,35.5,42.5
2019,SD,South Dakota,Education,Less than high school,35.3,45.0,40.6
2019,SD,South Dakota,Education,Some college or technical school,32.1,29.1,41.8
2019,SD,South Dakota,Income,"$15,000 - $24,999",38.8,34.4,36.4
2019,SD,South Dakota,Income,"$25,000 - $34,999",35.2,39.6,41.9
2019,SD,South Dakota,Income,"$35,000 - $49,999",35.9,34.4,41.2
2019,SD,South Dakota,Income,"$50,000 - $74,999",32.5,26.2,39.5
2019,SD,South Dakota,Income,"$75,000 or greater",31.0,22.3,38.5
2019,SD,South Dakota,Income,Data not reported,29.8,33.3,38.9
2019,SD,South Dakota,Income,"Less than $15,000",32.4,37.1,39.7
2019,SD,South Dakota,Race/Ethnicity,Hispanic,46.9,32.0,30.5
2019,SD,South Dakota,Race/Ethnicity,NH American Indian/Alaska Native,45.3,30.7,52.8
2019,SD,South Dakota,Race/Ethnicity,Non-Hispanic 2 or more races,43.6,26.4,39.4
2019,SD,South Dakota,Race/Ethnicity,Non-Hispanic White,31.0,29.7,38.3
2019,SD,South Dakota,Sex,Female,32.3,30.7,33.5
2019,SD,South Dakota,Sex,Male,33.6,29.4,44.7
2019,SD,South Dakota,Total,Total,33.0,30.0,39.2
2019,TN,Tennessee,Age (years),18 - 24,21.2,23.2,44.7
2019,TN,Tennessee,Age (years),25 - 34,38.7,21.1,46.4
2019,TN,Tennessee,Age (years),35 - 44,39.8,24.8,41.0
2019,TN,Tennessee,Age (years),45 - 54,42.5,32.8,45.9
2019,TN,Tennessee,Age (years),55 - 64,41.6,36.5,44.3
2019,TN,Tennessee,Age (years),65 or older,32.7,37.3,37.5
2019,TN,Tennessee,Education,College graduate,30.0,17.1,38.6
2019,TN,Tennessee,Education,High school graduate,40.6,34.3,46.4
2019,TN,Tennessee,Education,Less than high school,33.8,50.6,44.5
2019,TN,Tennessee,Education,Some college or technical school,38.6,27.5,42.4
2019,TN,Tennessee,Income,"$15,000 - $24,999",39.0,41.8,45.1
2019,TN,Tennessee,Income,"$25,000 - $34,999",35.1,32.4,42.9
2019,TN,Tennessee,Income,"$35,000 - $49,999",43.6,25.8,43.2
2019,TN,Tennessee,Income,"$50,000 - $74,999",40.4,28.7,49.0
2019,TN,Tennessee,Income,"$75,000 or greater",33.3,16.1,39.5
2019,TN,Tennessee,Income,Data not reported,31.0,34.5,40.1
2019,TN,Tennessee,Income,"Less than $15,000",36.5,47.8,45.6
2019,TN,Tennessee,Race/Ethnicity,Hispanic,36.6,17.6,40.2
2019,TN,Tennessee,Race/Ethnicity,NH American Indian/Alaska Native,22.5,31.5,42.4
2019,TN,Tennessee,Race/Ethnicity,Non-Hispanic 2 or more races,33.0,22.7,54.4
2019,TN,Tennessee,Race/Ethnicity,Non-Hispanic Black,47.5,35.0,39.2
2019,TN,Tennessee,Race/Ethnicity,Non-Hispanic White,34.7,29.7,43.8
2019,TN,Tennessee,Sex,Female,36.0,33.2,39.9
2019,TN,Tennessee,Sex,Male,37.1,26.7,46.2
2019,TN,Tennessee,Total,Total,36.5,30.1,43.0
2019,TX,Texas,Age (years),18 - 24,19.9,20.2,41.9
2019,TX,Texas,Age (years),25 - 34,36.0,24.1,41.6
2019,TX,Texas,Age (years),35 - 44,37.9,22.9,42.1
2019,TX,Texas,Age (years),45 - 54,40.8,28.8,40.8
2019,TX,Texas,Age (years),55 - 64,36.6,32.6,44.0
2019,TX,Texas,Age (years),65 or older,29.8,33.8,37.9
2019,TX,Texas,Education,College graduate,27.4,15.7,36.8
2019,TX,Texas,Education,High school graduate,37.6,30.8,46.3
2019,TX,Texas,Education,Less than high school,39.3,46.7,35.7
2019,TX,Texas,Education,Some college or technical school,34.1,23.3,43.7
2019,TX,Texas,Income,"$15,000 - $24,999",41.9,36.6,39.1
2019,TX,Texas,Income,"$25,000 - $34,999",28.7,35.0,40.6
2019,TX,Texas,Income,"$35,000 - $49,999",34.7,25.0,40.2
2019,TX,Texas,Income,"$50,000 - $74,999",36.7,21.1,43.3
2019,TX,Texas,Income,"$75,000 or greater",31.8,14.8,42.2
2019,TX,Texas,Income,Data not reported,27.5,34.2,41.2
2019,TX,Texas,Income,"Less than $15,000",39.8,42.9,40.7
2019,TX,Texas,Race/Ethnicity,Hispanic,40.2,33.1,38.6
2019,TX,Texas,Race/Ethnicity,NH American Indian/Alaska Native,22.8,18.7,23.5
2019,TX,Texas,Race/Ethnicity,Non-Hispanic 2 or more races,42.9,22.2,38.9
2019,TX,Texas,Race/Ethnicity,Non-Hispanic Asian,11.7,19.0,34.3
2019,TX,Texas,Race/Ethnicity,Non-Hispanic Black,36.7,29.7,48.6
2019,TX,Texas,Race/Ethnicity,Non-Hispanic Other,19.1,23.9,42.4
2019,TX,Texas,Race/Ethnicity,Non-Hispanic White,30.9,22.7,43.0
2019,TX,Texas,Sex,Female,34.9,29.4,38.7
2019,TX,Texas,Sex,Male,33.1,25.0,43.9
2019,TX,Texas,Total,Total,34.0,27.2,41.3
2019,UT,Utah,Age (years),18 - 24,16.3,13.9,42.6
2019,UT,Utah,Age (years),25 - 34,27.4,17.5,39.6
2019,UT,Utah,Age (years),35 - 44,33.0,16.3,35.6
2019,UT,Utah,Age (years),45 - 54,35.1,17.9,36.8
2019,UT,Utah,Age (years),55 - 64,34.7,22.2,37.0
2019,UT,Utah,Age (years),65 or older,30.1,24.3,27.8
2019,UT,Utah,Education,College graduate,26.5,10.3,29.3
2019,UT,Utah,Education,High school graduate,30.3,23.7,44.2
2019,UT,Utah,Education,Less than high school,29.6,35.9,41.4
2019,UT,Utah,Education,Some college or technical school,30.7,17.3,36.5
2019,UT,Utah,Income,"$15,000 - $24,999",32.8,26.9,38.8
2019,UT,Utah,Income,"$25,000 - $34,999",32.2,27.9,38.6
2019,UT,Utah,Income,"$35,000 - $49,999",32.4,19.7,38.8
2019,UT,Utah,Income,"$50,000 - $74,999",30.8,16.1,38.8
2019,UT,Utah,Income,"$75,000 or greater",27.8,11.7,33.5
2019,UT,Utah,Income,Data not reported,25.5,25.5,36.2
2019,UT,Utah,Income,"Less than $15,000",29.3,26.9,46.4
2019,UT,Utah,Race/Ethnicity,Hispanic,33.3,29.2,35.6
2019,UT,Utah,Race/Ethnicity,NH American Indian/Alaska Native,37.6,22.6,43.6
2019,UT,Utah,Race/Ethnicity,Non-Hispanic 2 or more races,23.4,15.3,32.8
2019,UT,Utah,Race/Ethnicity,Non-Hispanic Asian,13.3,16.8,31.0
2019,UT,Utah,Race/Ethnicity,Non-Hispanic Black,36.6,23.1,42.3
2019,UT,Utah,Race/Ethnicity,Non-Hispanic White,28.8,16.7,36.7
2019,UT,Utah,Sex,Female,28.9,19.4,32.2
2019,UT,Utah,Sex,Male,29.5,17.6,41.1
2019,UT,Utah,Total,Total,29.2,18.5,36.6
2019,VA,Virginia,Age (years),18 - 24,20.2,16.0,43.8
2019,VA,Virginia,Age (years),25 - 34,29.4,22.2,37.3
2019,VA,Virginia,Age (years),35 - 44,34.1,23.3,37.4
2019,VA,Virginia,Age (years),45 - 54,38.8,27.3,41.0
2019,VA,Virginia,Age (years),55 - 64,36.8,27.3,39.4
2019,VA,Virginia,Age (years),65 or older,29.7,31.8,33.4
2019,VA,Virginia,Education,College graduate,26.1,15.0,33.5
2019,VA,Virginia,Education,High school graduate,33.7,32.4,45.2
2019,VA,Virginia,Education,Less than high school,43.4,45.2,40.3
2019,VA,Virginia,Education,Some college or technical school,33.7,24.4,37.6
2019,VA,Virginia,Income,"$15,000 - $24,999",37.9,41.9,45.1
2019,VA,Virginia,Income,"$25,000 - $34,999",36.3,37.0,40.0
2019,VA,Virginia,Income,"$35,000 - $49,999",35.2,26.0,43.9
2019,VA,Virginia,Income,"$50,000 - $74,999",31.9,20.9,39.4
2019,VA,Virginia,Income,"$75,000 or greater",28.2,15.0,33.4
2019,VA,Virginia,Income,Data not reported,29.3,28.8,36.8
2019,VA,Virginia,Income,"Less than $15,000",39.6,41.9,45.3
2019,VA,Virginia,Race/Ethnicity,Hispanic,33.1,33.3,36.4
2019,VA,Virginia,Race/Ethnicity,NH American Indian/Alaska Native,28.1,26.4,16.6
2019,VA,Virginia,Race/Ethnicity,Non-Hispanic 2 or more races,33.7,21.3,39.4
2019,VA,Virginia,Race/Ethnicity,Non-Hispanic Asian,9.6,23.0,34.6
2019,VA,Virginia,Race/Ethnicity,Non-Hispanic Black,44.5,31.5,41.1
2019,VA,Virginia,Race/Ethnicity,Non-Hispanic White,30.4,22.9,38.2
2019,VA,Virginia,Sex,Female,34.2,27.0,34.9
2019,VA,Virginia,Sex,Male,29.6,23.5,41.8
2019,VA,Virginia,Total,Total,31.9,25.3,38.3
2019,VT,Vermont,Age (years),18 - 24,15.0,11.5,40.3
2019,VT,Vermont,Age (years),25 - 34,23.4,17.1,35.5
2019,VT,Vermont,Age (years),35 - 44,34.2,18.2,30.0
2019,VT,Vermont,Age (years),45 - 54,30.6,18.3,34.5
2019,VT,Vermont,Age (years),55 - 64,30.3,23.3,33.4
2019,VT,Vermont,Age (years),65 or older,25.2,25.5,24.3
2019,VT,Vermont,Education,College graduate,19.5,9.5,23.4
2019,VT,Vermont,Education,High school graduate,30.1,28.9,39.7
2019,VT,Vermont,Education,Less than high school,37.7,39.2,36.2
2019,VT,Vermont,Education,Some college or technical school,28.4,18.0,34.1
2019,VT,Vermont,Income,"$15,000 - $24,999",26.2,27.5,35.2
2019,VT,Vermont,Income,"$25,000 - $34,999",28.1,30.3,40.5
2019,VT,Vermont,Income,"$35,000 - $49,999",25.1,24.8,29.7
2019,VT,Vermont,Income,"$50,000 - $74,999",29.4,17.6,29.0
2019,VT,Vermont,Income,"$75,000 or greater",24.4,10.6,28.1
2019,VT,Vermont,Income,Data not reported,24.6,21.7,35.0
2019,VT,Vermont,Income,"Less than $15,000",38.7,32.8,40.0
2019,VT,Vermont,Race/Ethnicity,Hispanic,7.1,12.4,22.6
2019,VT,Vermont,Race/Ethnicity,Non-Hispanic 2 or more races,26.7,20.2,39.1
2019,VT,Vermont,Race/Ethnicity,Non-Hispanic Other,33.3,24.1,43.5
2019,VT,Vermont,Race/Ethnicity,Non-Hispanic White,27.1,19.8,32.2
2019,VT,Vermont,Sex,Female,25.7,19.6,27.9
2019,VT,Vermont,Sex,Male,27.6,20.4,36.4
2019,VT,Vermont,Total,Total,26.6,20.0,32.0
2019,WA,Washington,Age (years),18 - 24,15.4,16.7,40.5
2019,WA,Washington,Age (years),25 - 34,25.2,18.8,40.0
2019,WA,Washington,Age (years),35 - 44,31.4,17.8,36.9
2019,WA,Washington,Age (years),45 - 54,33.7,19.3,38.2
2019,WA,Washington,Age (years),55 - 64,33.1,18.1,33.8
2019,WA,Washington,Age (years),65 or older,27.9,22.7,30.6
2019,WA,Washington,Education,College graduate,22.7,10.7,31.2
2019,WA,Washington,Education,High school graduate,31.8,24.8,41.9
2019,WA,Washington,Education,Less than high school,35.5,37.6,40.5
2019,WA,Washington,Education,Some college or technical school,29.6,18.7,36.3
2019,WA,Washington,Income,"$15,000 - $24,999",31.0,34.4,42.0
2019,WA,Washington,Income,"$25,000 - $34,999",30.0,22.1,37.1
2019,WA,Washington,Income,"$35,000 - $49,999",32.8,19.3,38.9
2019,WA,Washington,Income,"$50,000 - $74,999",29.3,17.0,37.9
2019,WA,Washington,Income,"$75,000 or greater",25.7,11.2,32.1
2019,WA,Washington,Income,Data not reported,25.5,25.2,35.1
2019,WA,Washington,Income,"Less than $15,000",35.3,29.7,46.4
2019,WA,Washington,Race/Ethnicity,Hispanic,35.8,31.8,35.6
2019,WA,Washington,Race/Ethnicity,NH American Indian/Alaska Native,42.5,24.9,43.8
2019,WA,Washington,Race/Ethnicity,Non-Hispanic 2 or more races,28.2,17.9,42.4
2019,WA,Washington,Race/Ethnicity,Non-Hispanic Asian,11.7,19.2,33.6
2019,WA,Washington,Race/Ethnicity,Non-Hispanic Black,30.8,24.6,41.2
2019,WA,Washington,Race/Ethnicity,Non-Hispanic Other,19.9,23.0,37.8
2019,WA,Washington,Race/Ethnicity,Non-Hispanic White,29.1,17.0,35.9
2019,WA,Washington,Sex,Female,28.0,19.7,32.7
2019,WA,Washington,Sex,Male,28.7,18.6,39.7
2019,WA,Washington,Total,Total,28.3,19.2,36.2
2019,WI,Wisconsin,Age (years),18 - 24,20.5,20.8,40.7
2019,WI,Wisconsin,Age (years),25 - 34,31.7,18.3,43.3
2019,WI,Wisconsin,Age (years),35 - 44,38.7,17.8,43.5
2019,WI,Wisconsin,Age (years),45 - 54,39.3,24.1,43.8
2019,WI,Wisconsin,Age (years),55 - 64,39.0,26.8,38.4
2019,WI,Wisconsin,Age (years),65 or older,33.3,28.2,28.7
2019,WI,Wisconsin,Education,College graduate,25.9,11.6,30.9
2019,WI,Wisconsin,Education,High school graduate,38.7,29.7,42.1
2019,WI,Wisconsin,Education,Less than high school,36.5,40.6,47.2
2019,WI,Wisconsin,Education,Some college or technical school,36.2,22.2,40.4
2019,WI,Wisconsin,Income,"$15,000 - $24,999",38.9,39.9,41.4
2019,WI,Wisconsin,Income,"$25,000 - $34,999",32.7,25.6,41.5
2019,WI,Wisconsin,Income,"$35,000 - $49,999",36.5,24.3,40.0
2019,WI,Wisconsin,Income,"$50,000 - $74,999",35.8,20.5,42.5
2019,WI,Wisconsin,Income,"$75,000 or greater",30.1,15.2,34.5
2019,WI,Wisconsin,Income,Data not reported,32.6,26.7,37.8
2019,WI,Wisconsin,Income,"Less than $15,000",44.7,32.8,45.9
2019,WI,Wisconsin,Race/Ethnicity,Hispanic,40.8,32.5,43.0
2019,WI,Wisconsin,Race/Ethnicity,NH American Indian/Alaska Native,49.5,22.8,60.1
2019,WI,Wisconsin,Race/Ethnicity,Non-Hispanic 2 or more races,30.6,17.9,32.2
2019,WI,Wisconsin,Race/Ethnicity,Non-Hispanic Black,52.9,31.3,58.2
2019,WI,Wisconsin,Race/Ethnicity,Non-Hispanic White,32.9,22.6,37.5
2019,WI,Wisconsin,Sex,Female,35.5,25.6,34.0
2019,WI,Wisconsin,Sex,Male,33.0,20.7,44.0
2019,WI,Wisconsin,Total,Total,34.2,23.2,38.9
2019,WV,West Virginia,Age (years),18 - 24,24.9,18.5,48.9
2019,WV,West Virginia,Age (years),25 - 34,38.5,21.3,45.2
2019,WV,West Virginia,Age (years),35 - 44,42.6,27.4,49.7
2019,WV,West Virginia,Age (years),45 - 54,50.2,32.5,49.1
2019,WV,West Virginia,Age (years),55 - 64,43.7,37.5,46.9
2019,WV,West Virginia,Age (years),65 or older,36.4,39.1,41.8
2019,WV,West Virginia,Education,College graduate,36.7,18.6,35.4
2019,WV,West Virginia,Education,High school graduate,40.6,36.5,49.8
2019,WV,West Virginia,Education,Less than high school,38.0,44.1,50.9
2019,WV,West Virginia,Education,Some college or technical school,41.4,25.8,47.0
2019,WV,West Virginia,Income,"$15,000 - $24,999",43.9,40.5,51.5
2019,WV,West Virginia,Income,"$25,000 - $34,999",38.1,37.0,47.0
2019,WV,West Virginia,Income,"$35,000 - $49,999",37.6,27.1,39.8
2019,WV,West Virginia,Income,"$50,000 - $74,999",40.6,24.2,41.9
2019,WV,West Virginia,Income,"$75,000 or greater",39.6,18.6,44.5
2019,WV,West Virginia,Income,Data not reported,32.8,35.6,48.3
2019,WV,West Virginia,Income,"Less than $15,000",45.5,42.2,52.3
2019,WV,West Virginia,Race/Ethnicity,Non-Hispanic 2 or more races,48.4,23.8,48.8
2019,WV,West Virginia,Race/Ethnicity,Non-Hispanic Black,56.1,25.7,54.1
2019,WV,West Virginia,Race/Ethnicity,Non-Hispanic White,38.9,31.3,46.4
2019,WV,West Virginia,Sex,Female,39.8,33.7,43.1
2019,WV,West Virginia,Sex,Male,39.7,28.4,49.8
2019,WV,West Virginia,Total,Total,39.7,31.2,46.3
2019,WY,Wyoming,Age (years),18 - 24,20.6,23.6,49.7
2019,WY,Wyoming,Age (years),25 - 34,25.6,15.7,44.3
2019,WY,Wyoming,Age (years),35 - 44,32.3,21.4,43.8
2019,WY,Wyoming,Age (years),45 - 54,37.2,29.5,46.2
2019,WY,Wyoming,Age (years),55 - 64,32.5,26.4,43.1
2019,WY,Wyoming,Age (years),65 or older,28.7,29.7,31.8
2019,WY,Wyoming,Education,College graduate,23.1,13.5,31.0
2019,WY,Wyoming,Education,High school graduate,29.3,30.1,49.9
2019,WY,Wyoming,Education,Less than high school,34.4,36.5,49.9
2019,WY,Wyoming,Education,Some college or technical school,33.4,24.8,41.9
2019,WY,Wyoming,Income,"$15,000 - $24,999",33.9,35.4,45.8
2019,WY,Wyoming,Income,"$25,000 - $34,999",32.6,25.2,38.0
2019,WY,Wyoming,Income,"$35,000 - $49,999",27.3,26.3,43.3
2019,WY,Wyoming,Income,"$50,000 - $74,999",29.9,19.5,39.2
2019,WY,Wyoming,Income,"$75,000 or greater",30.2,18.2,41.1
2019,WY,Wyoming,Income,Data not reported,23.9,29.6,42.5
2019,WY,Wyoming,Income,"Less than $15,000",33.0,35.8,53.2
2019,WY,Wyoming,Race/Ethnicity,Hispanic,27.2,28.9,43.9
2019,WY,Wyoming,Race/Ethnicity,Non-Hispanic 2 or more races,30.3,19.8,37.4
2019,WY,Wyoming,Race/Ethnicity,Non-Hispanic White,29.8,24.3,42.0
2019,WY,Wyoming,Sex,Female,28.5,23.7,37.9
2019,WY,Wyoming,Sex,Male,30.7,25.6,46.3
2019,WY,Wyoming,Total,Total,29.7,24.6,42.2
2021,AK,Alaska,Age (years),18 - 24,26.1,25.0,44.1
2021,AK,Alaska,Age (years),25 - 34,32.2,13.1,46.3
2021,AK,Alaska,Age (years),35 - 44,33.3,13.5,42.9
2021,AK,Alaska,Age (years),45 - 54,42.9,21.5,43.7
2021,AK,Alaska,Age (years),55 - 64,34.4,20.1,39.8
2021,AK,Alaska,Age (years),65 or older,31.8,30.9,37.8
2021,AK,Alaska,Education,College graduate,28.5,10.8,33.1
2021,AK,Alaska,Education,High school graduate,35.5,26.3,47.7
2021,AK,Alaska,Education,Less than high school,26.4,32.3,49.3
2021,AK,Alaska,Education,Some college or technical school,37.1,19.4,43.8
2021,AK,Alaska,Income,"$15,000 - $24,999",33.9,31.8,50.1
2021,AK,Alaska,Income,"$25,000 - $34,999",33.0,17.7,44.6
2021,AK,Alaska,Income,"$35,000 - $49,999",36.7,28.3,45.5
2021,AK,Alaska,Income,"$50,000 - $74,999",36.2,17.9,36.9
2021,AK,Alaska,Income,"$75,000 or greater",32.3,12.4,41.8
2021,AK,Alaska,Income,Data not reported,32.7,19.5,40.9
2021,AK,Alaska,Income,"Less than $15,000",28.8,30.5,52.2
2021,AK,Alaska,Race/Ethnicity,Hispanic,39.1,24.3,42.4
2021,AK,Alaska,Race/Ethnicity,NH American Indian/Alaska Native,39.1,23.8,51.1
2021,AK,Alaska,Race/Ethnicity,Non-Hispanic 2 or more races,44.4,18.9,47.5
2021,AK,Alaska,Race/Ethnicity,Non-Hispanic Asian,20.7,29.5,53.4
2021,AK,Alaska,Race/Ethnicity,Non-Hispanic Black,37.0,11.2,35.4
2021,AK,Alaska,Race/Ethnicity,Non-Hispanic Other,31.2,29.6,21.9
2021,AK,Alaska,Race/Ethnicity,Non-Hispanic White,31.4,18.2,40.2
2021,AK,Alaska,Sex,Female,34.9,22.3,40.4
2021,AK,Alaska,Sex,Male,32.3,18.5,44.3
2021,AK,Alaska,Total,Total,33.5,20.3,42.4
2021,AL,Alabama,Age (years),18 - 24,25.4,19.3,44.8
2021,AL,Alabama,Age (years),25 - 34,46.6,23.3,49.4
2021,AL,Alabama,Age (years),35 - 44,45.8,22.4,44.5
2021,AL,Alabama,Age (years),45 - 54,46.4,35.6,49.2
2021,AL,Alabama,Age (years),55 - 64,44.4,39.1,48.4
2021,AL,Alabama,Age (years),65 or older,30.9,41.3,41.1
2021,AL,Alabama,Education,College graduate,34.3,19.8,40.5
2021,AL,Alabama,Education,High school graduate,41.1,37.4,49.3
2021,AL,Alabama,Education,Less than high school,40.5,46.9,44.4
2021,AL,Alabama,Education,Some college or technical school,42.6,27.9,47.6
2021,AL,Alabama,Income,"$15,000 - $24,999",40.8,46.4,48.0
2021,AL,Alabama,Income,"$25,000 - $34,999",46.2,33.0,42.4
2021,AL,Alabama,Income,"$35,000 - $49,999",46.4,32.9,49.1
2021,AL,Alabama,Income,"$50,000 - $74,999",42.8,20.8,47.7
2021,AL,Alabama,Income,"$75,000 or greater",40.3,24.8,49.7
2021,AL,Alabama,Income,Data not reported,34.1,30.3,43.3
2021,AL,Alabama,Income,"Less than $15,000",40.8,45.2,47.2
2021,AL,Alabama,Race/Ethnicity,Hispanic,38.8,22.8,42.6
2021,AL,Alabama,Race/Ethnicity,Non-Hispanic 2 or more races,45.8,25.4,45.6
2021,AL,Alabama,Race/Ethnicity,Non-Hispanic Black,49.7,35.0,37.5
2021,AL,Alabama,Race/Ethnicity,Non-Hispanic White,36.8,31.0,49.6
2021,AL,Alabama,Sex,Female,41.6,35.7,44.8
2021,AL,Alabama,Sex,Male,38.0,26.9,47.1
2021,AL,Alabama,Total,Total,39.9,31.5,45.9
2021,AR,Arkansas,Age (years),18 - 24,28.4,20.6,49.5
2021,AR,Arkansas,Age (years),25 - 34,37.6,19.8,44.6
2021,AR,Arkansas,Age (years),35 - 44,45.3,28.3,44.5
2021,AR,Arkansas,Age (years),45 - 54,45.3,33.3,47.9
2021,AR,Arkansas,Age (years),55 - 64,42.6,35.2,51.5
2021,AR,Arkansas,Age (years),65 or older,33.4,40.0,43.1
2021,AR,Arkansas,Education,College graduate,36.7,16.0,42.5
2021,AR,Arkansas,Education,High school graduate,39.5,37.9,48.9
2021,AR,Arkansas,Education,Less than high school,29.9,40.4,46.2
2021,AR,Arkansas,Education,Some college or technical school,42.8,28.4,46.8
2021,AR,Arkansas,Income,"$15,000 - $24,999",39.0,44.4,45.4
2021,AR,Arkansas,Income,"$25,000 - $34,999",37.1,31.1,51.2
2021,AR,Arkansas,Income,"$35,000 - $49,999",40.1,32.1,49.3
2021,AR,Arkansas,Income,"$50,000 - $74,999",44.1,25.7,47.0
2021,AR,Arkansas,Income,"$75,000 or greater",39.8,26.0,46.8
2021,AR,Arkansas,Income,Data not reported,35.0,25.6,42.5
2021,AR,Arkansas,Income,"Less than $15,000",42.5,43.0,50.6
2021,AR,Arkansas,Race/Ethnicity,Hispanic,35.9,37.2,37.2
2021,AR,Arkansas,Race/Ethnicity,NH American Indian/Alaska Native,20.5,26.5,50.1
2021,AR,Arkansas,Race/Ethnicity,Non-Hispanic 2 or more races,34.8,20.9,43.7
2021,AR,Arkansas,Race/Ethnicity,Non-Hispanic Black,50.0,35.6,42.9
2021,AR,Arkansas,Race/Ethnicity,Non-Hispanic White,37.6,29.8,47.8
2021,AR,Arkansas,Sex,Female,38.6,32.9,46.4
2021,AR,Arkansas,Sex,Male,38.7,28.1,46.4
2021,AR,Arkansas,Total,Total,38.7,30.6,46.4
2021,AZ,Arizona,Age (years),18 - 24,20.7,21.6,50.7
2021,AZ,Arizona,Age (years),25 - 34,30.7,17.4,43.7
2021,AZ,Arizona,Age (years),35 - 44,36.9,18.6,42.3
2021,AZ,Arizona,Age (years),45 - 54,35.8,23.4,43.8
2021,AZ,Arizona,Age (years),55 - 64,35.1,25.7,40.1
2021,AZ,Arizona,Age (years),65 or older,28.3,27.4,34.8
2021,AZ,Arizona,Education,College graduate,25.5,13.2,37.3
2021,AZ,Arizona,Education,High school graduate,32.6,26.3,45.2
2021,AZ,Arizona,Education,Less than high school,35.2,36.3,39.9
2021,AZ,Arizona,Education,Some college or technical school,33.6,22.6,43.0
2021,AZ,Arizona,Income,"$15,000 - $24,999",36.3,31.4,41.1
2021,AZ,Arizona,Income,"$25,000 - $34,999",34.5,30.2,37.9
2021,AZ,Arizona,Income,"$35,000 - $49,999",34.2,23.7,44.1
2021,AZ,Arizona,Income,"$50,000 - $74,999",31.7,19.2,42.5
2021,AZ,Arizona,Income,"$75,000 or greater",29.2,12.2,43.6
2021,AZ,Arizona,Income,Data not reported,27.4,19.2,41.0
2021,AZ,Arizona,Income,"Less than $15,000",39.2,42.5,42.7
2021,AZ,Arizona,Race/Ethnicity,Hispanic,35.8,28.2,42.4
2021,AZ,Arizona,Race/Ethnicity,NH American Indian/Alaska Native,48.9,28.5,40.0
2021,AZ,Arizona,Race/Ethnicity,Non-Hispanic 2 or more races,31.1,15.2,51.2
2021,AZ,Arizona,Race/Ethnicity,Non-Hispanic Asian,14.2,17.1,43.5
2021,AZ,Arizona,Race/Ethnicity,Non-Hispanic Black,42.5,25.6,41.3
2021,AZ,Arizona,Race/Ethnicity,Non-Hispanic Other,27.4,29.9,37.8
2021,AZ,Arizona,Race/Ethnicity,Non-Hispanic White,28.2,19.7,41.4
2021,AZ,Arizona,Sex,Female,31.6,25.9,37.8
2021,AZ,Arizona,Sex,Male,31.1,19.4,45.5
2021,AZ,Arizona,Total,Total,31.3,22.7,41.6
2021,CA,California,Age (years),18 - 24,19.5,17.3,42.6
2021,CA,California,Age (years),25 - 34,26.7,18.4,41.3
2021,CA,California,Age (years),35 - 44,33.0,18.9,35.9
2021,CA,California,Age (years),45 - 54,29.6,18.2,36.8
2021,CA,California,Age (years),55 - 64,31.7,20.7,32.2
2021,CA,California,Age (years),65 or older,23.9,25.4,30.8
2021,CA,California,Education,College graduate,19.6,9.1,32.5
2021,CA,California,Education,High school graduate,29.1,22.3,38.2
2021,CA,California,Education,Less than high school,38.3,39.1,32.3
2021,CA,California,Education,Some college or technical school,29.7,19.9,40.5
2021,CA,California,Income,"$15,000 - $24,999",33.9,29.2,35.1
2021,CA,California,Income,"$25,000 - $34,999",33.7,26.7,36.2
2021,CA,California,Income,"$35,000 - $49,999",31.0,28.1,39.0
2021,CA,California,Income,"$50,000 - $74,999",27.8,15.0,37.5
2021,CA,California,Income,"$75,000 or greater",26.9,17.4,33.2
2021,CA,California,Income,Data not reported,22.9,13.3,34.9
2021,CA,California,Income,"Less than $15,000",32.4,34.6,41.1
2021,CA,California,Race/Ethnicity,Hispanic,35.7,26.4,34.0
2021,CA,California,Race/Ethnicity,Non-Hispanic 2 or more races,26.1,14.6,34.3
2021,CA,California,Race/Ethnicity,Non-Hispanic Asian,9.4,13.5,39.4
2021,CA,California,Race/Ethnicity,Non-Hispanic Black,37.0,23.4,39.6
2021,CA,California,Race/Ethnicity,Non-Hispanic Other,37.1,21.8,42.4
2021,CA,California,Race/Ethnicity,Non-Hispanic White,26.3,16.2,36.5
2021,CA,California,Sex,Female,28.7,22.0,33.5
2021,CA,California,Sex,Male,26.5,18.1,39.1
2021,CA,California,Total,Total,27.6,20.1,36.2
2021,CO,Colorado,Age (years),18 - 24,13.8,14.3,47.6
2021,CO,Colorado,Age (years),25 - 34,23.1,12.4,42.7
2021,CO,Colorado,Age (years),35 - 44,27.5,14.9,33.4
2021,CO,Colorado,Age (years),45 - 54,33.0,17.4,38.8
2021,CO,Colorado,Age (years),55 - 64,28.5,19.1,38.2
2021,CO,Colorado,Age (years),65 or older,22.9,21.4,32.5
2021,CO,Colorado,Education,College graduate,20.5,7.4,32.4
2021,CO,Colorado,Education,High school graduate,28.2,23.4,44.4
2021,CO,Colorado,Education,Less than high school,27.6,36.3,37.2
2021,CO,Colorado,Education,Some college or technical school,27.8,17.3,41.9
2021,CO,Colorado,Income,"$15,000 - $24,999",31.7,29.6,42.6
2021,CO,Colorado,Income,"$25,000 - $34,999",27.3,25.2,38.8
2021,CO,Colorado,Income,"$35,000 - $49,999",28.0,20.5,39.8
2021,CO,Colorado,Income,"$50,000 - $74,999",27.2,14.8,41.4
2021,CO,Colorado,Income,"$75,000 or greater",25.6,10.4,39.1
2021,CO,Colorado,Income,Data not reported,22.0,13.3,35.8
2021,CO,Colorado,Income,"Less than $15,000",27.5,31.9,41.9
2021,CO,Colorado,Race/Ethnicity,Hispanic,31.6,25.2,37.8
2021,CO,Colorado,Race/Ethnicity,NH American Indian/Alaska Native,29.4,17.8,34.3
2021,CO,Colorado,Race/Ethnicity,Non-Hispanic 2 or more races,31.8,22.9,39.5
2021,CO,Colorado,Race/Ethnicity,Non-Hispanic Asian,8.1,19.4,43.9
2021,CO,Colorado,Race/Ethnicity,Non-Hispanic Black,30.6,21.8,41.4
2021,CO,Colorado,Race/Ethnicity,Non-Hispanic Other,24.6,19.9,32.5
2021,CO,Colorado,Race/Ethnicity,Non-Hispanic White,23.7,13.4,38.2
2021,CO,Colorado,Sex,Female,25.8,19.0,35.3
2021,CO,Colorado,Sex,Male,24.5,14.3,41.3
2021,CO,Colorado,Total,Total,25.1,16.7,38.3
2021,CT,Connecticut,Age (years),18 - 24,20.0,15.1,46.1
2021,CT,Connecticut,Age (years),25 - 34,32.2,23.9,41.4
2021,CT,Connecticut,Age (years),35 - 44,32.0,20.7,31.4
2021,CT,Connecticut,Age (years),45 - 54,36.0,21.4,35.5
2021,CT,Connecticut,Age (years),55 - 64,34.8,21.5,36.7
2021,CT,Connecticut,Age (years),65 or older,26.6,29.8,29.9
2021,CT,Connecticut,Education,College graduate,23.5,12.0,31.6
2021,CT,Connecticut,Education,High school graduate,33.4,30.8,38.5
2021,CT,Connecticut,Education,Less than high school,35.5,47.2,37.3
2021,CT,Connecticut,Education,Some college or technical school,34.9,20.7,39.3
2021,CT,Connecticut,Income,"$15,000 - $24,999",33.2,38.5,38.9
2021,CT,Connecticut,Income,"$25,000 - $34,999",39.0,34.7,39.4
2021,CT,Connecticut,Income,"$35,000 - $49,999",35.5,27.8,37.8
2021,CT,Connecticut,Income,"$50,000 - $74,999",33.7,21.8,36.4
2021,CT,Connecticut,Income,"$75,000 or greater",30.0,15.6,36.7
2021,CT,Connecticut,Income,Data not reported,26.5,18.7,34.2
2021,CT,Connecticut,Income,"Less than $15,000",35.5,46.9,41.7
2021,CT,Connecticut,Race/Ethnicity,Hispanic,34.1,37.7,39.4
2021,CT,Connecticut,Race/Ethnicity,Non-Hispanic 2 or more races,29.2,20.5,27.6
2021,CT,Connecticut,Race/Ethnicity,Non-Hispanic Asian,13.6,16.6,30.1
2021,CT,Connecticut,Race/Ethnicity,Non-Hispanic Black,44.4,31.5,36.6
2021,CT,Connecticut,Race/Ethnicity,Non-Hispanic Other,32.6,23.5,38.4
2021,CT,Connecticut,Race/Ethnicity,Non-Hispanic White,28.8,18.4,35.7
2021,CT,Connecticut,Sex,Female,30.7,26.3,33.8
2021,CT,Connecticut,Sex,Male,30.1,19.3,38.5
2021,CT,Connecticut,Total,Total,30.4,22.9,36.0
2021,DC,District of Columbia,Age (years),18 - 24,15.5,10.9,40.1
2021,DC,District of Columbia,Age (years),25 - 34,19.3,10.2,34.7
2021,DC,District of Columbia,Age (years),35 - 44,26.3,14.5,32.8
2021,DC,District of Columbia,Age (years),45 - 54,31.0,18.1,33.8
2021,DC,District of Columbia,Age (years),55 - 64,34.6,17.9,32.4
2021,DC,District of Columbia,Age (years),65 or older,24.0,26.7,26.6
2021,DC,District of Columbia,Education,College graduate,17.8,7.7,29.9
2021,DC,District of Columbia,Education,High school graduate,38.8,25.8,37.2
2021,DC,District of Columbia,Education,Less than high school,34.2,38.0,45.1
2021,DC,District of Columbia,Education,Some college or technical school,30.5,20.9,36.5
2021,DC,District of Columbia,Income,"$15,000 - $24,999",39.8,41.4,47.3
2021,DC,District of Columbia,Income,"$25,000 - $34,999",34.3,21.8,27.1
2021,DC,District of Columbia,Income,"$35,000 - $49,999",27.8,21.0,35.9
2021,DC,District of Columbia,Income,"$50,000 - $74,999",26.2,14.2,37.6
2021,DC,District of Columbia,Income,"$75,000 or greater",25.2,10.4,38.0
2021,DC,District of Columbia,Income,Data not reported,19.5,11.9,30.2
2021,DC,District of Columbia,Income,"Less than $15,000",42.3,29.8,34.5
2021,DC,District of Columbia,Race/Ethnicity,Hispanic,34.8,20.2,35.0
2021,DC,District of Columbia,Race/Ethnicity,Non-Hispanic 2 or more races,25.0,10.4,29.2
2021,DC,District of Columbia,Race/Ethnicity,Non-Hispanic Asian,8.4,11.7,35.2
2021,DC,District of Columbia,Race/Ethnicity,Non-Hispanic Black,35.9,25.7,37.1
2021,DC,District of Columbia,Race/Ethnicity,Non-Hispanic White,13.0,5.5,29.9
2021,DC,District of Columbia,Sex,Female,28.6,17.1,30.7
2021,DC,District of Columbia,Sex,Male,20.7,14.2,36.2
2021,DC,District of Columbia,Total,Total,24.7,15.8,33.2
2021,DE,Delaware,Age (years),18 - 24,17.5,21.3,44.2
2021,DE,Delaware,Age (years),25 - 34,31.4,24.7,39.5
2021,DE,Delaware,Age (years),35 - 44,38.3,22.3,39.8
2021,DE,Delaware,Age (years),45 - 54,39.6,25.6,45.5
2021,DE,Delaware,Age (years),55 - 64,39.3,30.3,38.6
2021,DE,Delaware,Age (years),65 or older,32.9,33.2,35.4
2021,DE,Delaware,Education,College graduate,31.7,15.9,35.7
2021,DE,Delaware,Education,High school graduate,35.6,31.1,44.7
2021,DE,Delaware,Education,Less than high school,35.5,52.0,39.4
2021,DE,Delaware,Education,Some college or technical school,33.8,26.4,39.1
2021,DE,Delaware,Income,"$15,000 - $24,999",38.7,41.3,45.1
2021,DE,Delaware,Income,"$25,000 - $34,999",33.9,38.6,47.0
2021,DE,Delaware,Income,"$35,000 - $49,999",32.5,28.9,38.3
2021,DE,Delaware,Income,"$50,000 - $74,999",34.0,25.0,37.2
2021,DE,Delaware,Income,"$75,000 or greater",38.8,18.9,38.3
2021,DE,Delaware,Income,Data not reported,31.0,22.8,38.6
2021,DE,Delaware,Income,"Less than $15,000",44.5,48.1,37.7
2021,DE,Delaware,Race/Ethnicity,Hispanic,38.8,38.4,30.8
2021,DE,Delaware,Race/Ethnicity,Non-Hispanic 2 or more races,40.8,17.2,30.9
2021,DE,Delaware,Race/Ethnicity,Non-Hispanic Asian,17.0,36.1,37.4
2021,DE,Delaware,Race/Ethnicity,Non-Hispanic Black,40.0,28.8,40.7
2021,DE,Delaware,Race/Ethnicity,Non-Hispanic White,31.7,25.4,40.9
2021,DE,Delaware,Sex,Female,36.1,31.8,36.8
2021,DE,Delaware,Sex,Male,31.7,22.3,42.7
2021,DE,Delaware,Total,Total,33.9,27.2,39.7
2021,GA,Georgia,Age (years),18 - 24,19.4,12.9,42.7
2021,GA,Georgia,Age (years),25 - 34,34.5,16.4,41.0
2021,GA,Georgia,Age (years),35 - 44,38.3,20.4,42.4
2021,GA,Georgia,Age (years),45 - 54,42.2,25.4,37.4
2021,GA,Georgia,Age (years),55 - 64,39.0,29.8,46.4
2021,GA,Georgia,Age (years),65 or older,28.7,33.5,39.8
2021,GA,Georgia,Education,College graduate,28.6,13.8,35.9
2021,GA,Georgia,Education,High school graduate,37.4,29.0,44.9
2021,GA,Georgia,Education,Less than high school,34.7,43.1,47.1
2021,GA,Georgia,Education,Some college or technical school,35.3,19.9,41.2
2021,GA,Georgia,Income,"$15,000 - $24,999",35.7,34.7,46.7
2021,GA,Georgia,Income,"$25,000 - $34,999",33.5,31.4,43.0
2021,GA,Georgia,Income,"$35,000 - $49,999",35.0,27.3,44.5
2021,GA,Georgia,Income,"$50,000 - $74,999",38.1,19.3,41.5
2021,GA,Georgia,Income,"$75,000 or greater",37.9,15.6,43.4
2021,GA,Georgia,Income,Data not reported,29.8,19.8,37.7
2021,GA,Georgia,Income,"Less than $15,000",38.5,38.9,46.0
2021,GA,Georgia,Race/Ethnicity,Hispanic,32.7,26.1,27.4
2021,GA,Georgia,Race/Ethnicity,Non-Hispanic 2 or more races,28.3,18.1,40.1
2021,GA,Georgia,Race/Ethnicity,Non-Hispanic Asian,16.5,21.8,44.3
2021,GA,Georgia,Race/Ethnicity,Non-Hispanic Black,42.7,26.5,39.2
2021,GA,Georgia,Race/Ethnicity,Non-Hispanic Other,28.5,25.8,48.4
2021,GA,Georgia,Race/Ethnicity,Non-Hispanic White,30.4,21.8,44.6
2021,GA,Georgia,Sex,Female,35.8,26.3,39.2
2021,GA,Georgia,Sex,Male,32.0,20.8,44.0
2021,GA,Georgia,Total,Total,33.9,23.7,41.5
2021,HI,Hawaii,Age (years),18 - 24,22.7,18.2,56.5
2021,HI,Hawaii,Age (years),25 - 34,29.8,19.9,48.3
2021,HI,Hawaii,Age (years),35 - 44,28.3,14.8,40.6
2021,HI,Hawaii,Age (years),45 - 54,34.8,18.6,41.8
2021,HI,Hawaii,Age (years),55 - 64,22.6,19.6,42.9
2021,HI,Hawaii,Age (years),65 or older,16.6,25.4,34.6
2021,HI,Hawaii,Education,College graduate,17.9,13.1,34.8
2021,HI,Hawaii,Education,High school graduate,30.9,24.0,48.2
2021,HI,Hawaii,Education,Less than high school,29.5,30.8,48.4
2021,HI,Hawaii,Education,Some college or technical school,25.2,20.5,43.6
2021,HI,Hawaii,Income,"$15,000 - $24,999",26.1,30.7,44.9
2021,HI,Hawaii,Income,"$25,000 - $34,999",29.2,27.0,43.2
2021,HI,Hawaii,Income,"$35,000 - $49,999",27.0,26.9,40.8
2021,HI,Hawaii,Income,"$50,000 - $74,999",25.2,19.7,41.2
2021,HI,Hawaii,Income,"$75,000 or greater",24.0,16.8,45.9
2021,HI,Hawaii,Income,Data not reported,22.6,15.5,42.2
2021,HI,Hawaii,Income,"Less than $15,000",34.6,26.1,40.2
2021,HI,Hawaii,Race/Ethnicity,Hispanic,31.0,16.7,41.8
2021,HI,Hawaii,Race/Ethnicity,NH Hawaiian/Pacific Islander,50.3,24.2,45.8
2021,HI,Hawaii,Race/Ethnicity,Non-Hispanic 2 or more races,31.3,21.4,48.3
2021,HI,Hawaii,Race/Ethnicity,Non-Hispanic Asian,16.1,23.7,46.1
2021,HI,Hawaii,Race/Ethnicity,Non-Hispanic Black,25.9,8.2,33.8
2021,HI,Hawaii,Race/Ethnicity,Non-Hispanic White,22.4,13.6,33.0
2021,HI,Hawaii,Sex,Female,21.5,22.8,40.0
2021,HI,Hawaii,Sex,Male,28.4,17.2,45.2
2021,HI,Hawaii,Total,Total,25.0,20.0,42.6
2021,IA,Iowa,Age (years),18 - 24,21.7,16.8,48.7
2021,IA,Iowa,Age (years),25 - 34,37.8,19.0,41.6
2021,IA,Iowa,Age (years),35 - 44,41.6,21.2,44.6
2021,IA,Iowa,Age (years),45 - 54,44.2,26.4,44.6
2021,IA,Iowa,Age (years),55 - 64,37.5,26.8,44.0
2021,IA,Iowa,Age (years),65 or older,34.7,33.0,31.7
2021,IA,Iowa,Education,College graduate,32.7,13.6,33.3
2021,IA,Iowa,Education,High school graduate,37.0,31.7,46.1
2021,IA,Iowa,Education,Less than high school,40.8,49.6,42.2
2021,IA,Iowa,Education,Some college or technical school,37.7,21.5,43.7
2021,IA,Iowa,Income,"$15,000 - $24,999",33.3,35.8,46.9
2021,IA,Iowa,Income,"$25,000 - $34,999",37.9,34.1,39.7
2021,IA,Iowa,Income,"$35,000 - $49,999",38.0,27.6,41.6
2021,IA,Iowa,Income,"$50,000 - $74,999",37.7,21.3,43.0
2021,IA,Iowa,Income,"$75,000 or greater",36.9,17.3,43.3
2021,IA,Iowa,Income,Data not reported,34.0,21.8,38.9
2021,IA,Iowa,Income,"Less than $15,000",46.1,39.0,47.0
2021,IA,Iowa,Race/Ethnicity,Hispanic,36.3,41.9,33.3
2021,IA,Iowa,Race/Ethnicity,NH American Indian/Alaska Native,45.2,15.6,45.5
2021,IA,Iowa,Race/Ethnicity,Non-Hispanic 2 or more races,33.1,21.3,41.4
2021,IA,Iowa,Race/Ethnicity,Non-Hispanic Asian,14.8,31.3,34.6
2021,IA,Iowa,Race/Ethnicity,Non-Hispanic Black,41.6,26.4,35.4
2021,IA,Iowa,Race/Ethnicity,Non-Hispanic White,36.6,23.6,42.4
2021,IA,Iowa,Sex,Female,36.4,26.9,37.2
2021,IA,Iowa,Sex,Male,36.4,22.5,46.0
2021,IA,Iowa,Total,Total,36.4,24.7,41.5
2021,ID,Idaho,Age (years),18 - 24,16.0,15.6,51.5
2021,ID,Idaho,Age (years),25 - 34,31.0,15.6,43.0
2021,ID,Idaho,Age (years),35 - 44,37.7,19.0,40.2
2021,ID,Idaho,Age (years),45 - 54,38.4,18.9,43.7
2021,ID,Idaho,Age (years),55 - 64,38.1,24.2,42.7
2021,ID,Idaho,Age (years),65 or older,27.7,26.7,34.6
2021,ID,Idaho,Education,College graduate,27.0,12.7,34.2
2021,ID,Idaho,Education,High school graduate,33.9,25.6,47.1
2021,ID,Idaho,Education,Less than high school,31.9,31.8,42.8
2021,ID,Idaho,Education,Some college or technical school,32.9,19.4,42.9
2021,ID,Idaho,Income,"$15,000 - $24,999",34.1,27.9,42.2
2021,ID,Idaho,Income,"$25,000 - $34,999",35.2,27.6,40.6
2021,ID,Idaho,Income,"$35,000 - $49,999",33.1,22.4,41.3
2021,ID,Idaho,Income,"$50,000 - $74,999",32.1,18.7,42.5
2021,ID,Idaho,Income,"$75,000 or greater",32.0,15.8,41.4
2021,ID,Idaho,Income,Data not reported,27.1,16.1,40.8
2021,ID,Idaho,Income,"Less than $15,000",43.7,35.3,53.0
2021,ID,Idaho,Race/Ethnicity,Hispanic,36.3,23.1,41.8
2021,ID,Idaho,Race/Ethnicity,NH American Indian/Alaska Native,39.1,28.0,42.6
2021,ID,Idaho,Race/Ethnicity,Non-Hispanic 2 or more races,27.0,20.3,48.9
2021,ID,Idaho,Race/Ethnicity,Non-Hispanic White,31.0,20.0,41.7
2021,ID,Idaho,Sex,Female,31.8,21.2,39.3
2021,ID,Idaho,Sex,Male,31.4,19.9,44.2
2021,ID,Idaho,Total,Total,31.6,20.5,41.8
2021,IL,Illinois,Age (years),18 - 24,19.3,20.0,42.5
2021,IL,Illinois,Age (years),25 - 34,33.1,22.1,42.6
2021,IL,Illinois,Age (years),35 - 44,38.8,22.7,42.8
2021,IL,Illinois,Age (years),45 - 54,38.5,27.4,38.7
2021,IL,Illinois,Age (years),55 - 64,40.0,30.7,38.1
2021,IL,Illinois,Age (years),65 or older,32.4,36.0,33.2
2021,IL,Illinois,Education,College graduate,24.4,14.1,32.3
2021,IL,Illinois,Education,High school graduate,36.1,32.9,45.3
2021,IL,Illinois,Education,Less than high school,36.5,45.9,35.8
2021,IL,Illinois,Education,Some college or technical school,41.9,29.7,42.1
2021,IL,Illinois,Income,"$15,000 - $24,999",35.4,44.0,51.8
2021,IL,Illinois,Income,"$25,000 - $34,999",42.2,32.7,36.5
2021,IL,Illinois,Income,"$35,000 - $49,999",39.5,31.7,37.8
2021,IL,Illinois,Income,"$50,000 - $74,999",39.1,25.4,36.3
2021,IL,Illinois,Income,"$75,000 or greater",32.4,22.7,38.7
2021,IL,Illinois,Income,Data not reported,29.2,23.4,38.8
2021,IL,Illinois,Income,"Less than $15,000",44.4,40.9,44.1
2021,IL,Illinois,Race/Ethnicity,Hispanic,45.5,32.8,32.8
2021,IL,Illinois,Race/Ethnicity,Non-Hispanic Asian,10.6,20.1,35.5
2021,IL,Illinois,Race/Ethnicity,Non-Hispanic Black,38.1,34.0,37.3
2021,IL,Illinois,Race/Ethnicity,Non-Hispanic White,33.1,25.1,41.3
2021,IL,Illinois,Sex,Female,34.7,29.4,36.9
2021,IL,Illinois,Sex,Male,33.6,24.9,41.6
2021,IL,Illinois,Total,Total,34.2,27.2,39.2
2021,IN,Indiana,Age (years),18 - 24,22.5,17.6,49.1
2021,IN,Indiana,Age (years),25 - 34,36.0,22.8,44.3
2021,IN,Indiana,Age (years),35 - 44,41.1,20.4,41.6
2021,IN,Indiana,Age (years),45 - 54,42.1,23.4,42.7
2021,IN,Indiana,Age (years),55 - 64,41.9,31.1,45.8
2021,IN,Indiana,Age (years),65 or older,33.1,35.2,39.2
2021,IN,Indiana,Education,College graduate,32.6,13.0,36.4
2021,IN,Indiana,Education,High school graduate,35.9,32.5,47.0
2021,IN,Indiana,Education,Less than high school,39.5,42.3,47.7
2021,IN,Indiana,Education,Some college or technical school,38.7,23.0,43.7
2021,IN,Indiana,Income,"$15,000 - $24,999",44.3,38.6,47.3
2021,IN,Indiana,Income,"$25,000 - $34,999",38.7,36.8,46.2
2021,IN,Indiana,Income,"$35,000 - $49,999",37.4,28.1,44.0
2021,IN,Indiana,Income,"$50,000 - $74,999",37.1,20.8,43.1
2021,IN,Indiana,Income,"$75,000 or greater",39.0,17.1,45.2
2021,IN,Indiana,Income,Data not reported,31.4,21.1,40.7
2021,IN,Indiana,Income,"Less than $15,000",40.6,47.3,45.1
2021,IN,Indiana,Race/Ethnicity,Hispanic,42.4,28.9,33.5
2021,IN,Indiana,Race/Ethnicity,NH American Indian/Alaska Native,33.2,32.8,30.2
2021,IN,Indiana,Race/Ethnicity,Non-Hispanic 2 or more races,42.0,19.4,36.5
2021,IN,Indiana,Race/Ethnicity,Non-Hispanic Asian,10.4,22.8,46.1
2021,IN,Indiana,Race/Ethnicity,Non-Hispanic Black,46.5,31.6,42.4
2021,IN,Indiana,Race/Ethnicity,Non-Hispanic Other,34.9,29.1,55.4
2021,IN,Indiana,Race/Ethnicity,Non-Hispanic White,35.4,25.0,44.4
2021,IN,Indiana,Sex,Female,38.2,27.5,40.4
2021,IN,Indiana,Sex,Male,34.4,24.3,46.5
2021,IN,Indiana,Total,Total,36.3,25.9,43.4
2021,KS,Kansas,Age (years),18 - 24,22.2,17.2,47.4
2021,KS,Kansas,Age (years),25 - 34,37.1,16.9,45.7
2021,KS,Kansas,Age (years),35 - 44,40.9,18.2,43.0
2021,KS,Kansas,Age (years),45 - 54,42.7,23.6,45.0
2021,KS,Kansas,Age (years),55 - 64,42.8,29.3,45.6
2021,KS,Kansas,Age (years),65 or older,31.1,32.5,38.4
2021,KS,Kansas,Education,College graduate,30.1,12.4,36.7
2021,KS,Kansas,Education,High school graduate,38.3,31.3,48.7
2021,KS,Kansas,Education,Less than high school,39.5,40.4,47.7
2021,KS,Kansas,Education,Some college or technical school,38.8,23.2,45.4
2021,KS,Kansas,Income,"$15,000 - $24,999",37.5,35.9,49.3
2021,KS,Kansas,Income,"$25,000 - $34,999",40.3,31.2,45.8
2021,KS,Kansas,Income,"$35,000 - $49,999",36.1,25.6,45.1
2021,KS,Kansas,Income,"$50,000 - $74,999",39.1,22.5,43.2
2021,KS,Kansas,Income,"$75,000 or greater",38.0,16.9,43.6
2021,KS,Kansas,Income,Data not reported,31.8,19.3,41.1
2021,KS,Kansas,Income,"Less than $15,000",41.2,42.3,49.1
2021,KS,Kansas,Race/Ethnicity,Hispanic,41.0,24.8,41.0
2021,KS,Kansas,Race/Ethnicity,NH American Indian/Alaska Native,45.7,28.7,47.3
2021,KS,Kansas,Race/Ethnicity,Non-Hispanic 2 or more races,39.1,23.0,48.7
2021,KS,Kansas,Race/Ethnicity,Non-Hispanic Asian,11.0,16.4,36.2
2021,KS,Kansas,Race/Ethnicity,Non-Hispanic Black,38.7,32.4,42.6
2021,KS,Kansas,Race/Ethnicity,Non-Hispanic Other,55.8,23.8,45.4
2021,KS,Kansas,Race/Ethnicity,Non-Hispanic White,35.6,23.0,44.2
2021,KS,Kansas,Sex,Female,36.8,25.5,41.1
2021,KS,Kansas,Sex,Male,35.3,21.7,46.4
2021,KS,Kansas,Total,Total,36.0,23.6,43.7
2021,KY,Kentucky,Age (years),18 - 24,28.2,27.4,47.0
2021,KY,Kentucky,Age (years),25 - 34,41.6,26.6,50.6
2021,KY,Kentucky,Age (years),35 - 44,43.4,22.0,38.0
2021,KY,Kentucky,Age (years),45 - 54,49.0,30.7,47.4
2021,KY,Kentucky,Age (years),55 - 64,43.6,35.4,45.5
2021,KY,Kentucky,Age (years),65 or older,35.3,37.2,42.7
2021,KY,Kentucky,Education,College graduate,31.4,18.6,40.3
2021,KY,Kentucky,Education,High school graduate,41.7,35.8,45.6
2021,KY,Kentucky,Education,Less than high school,44.3,47.8,50.3
2021,KY,Kentucky,Education,Some college or technical school,44.0,26.2,45.8
2021,KY,Kentucky,Income,"$15,000 - $24,999",48.8,41.2,45.1
2021,KY,Kentucky,Income,"$25,000 - $34,999",47.8,33.8,45.5
2021,KY,Kentucky,Income,"$35,000 - $49,999",39.3,31.6,48.8
2021,KY,Kentucky,Income,"$50,000 - $74,999",41.0,27.0,43.0
2021,KY,Kentucky,Income,"$75,000 or greater",38.6,19.7,44.1
2021,KY,Kentucky,Income,Data not reported,35.5,28.2,44.4
2021,KY,Kentucky,Income,"Less than $15,000",45.5,44.2,45.7
2021,KY,Kentucky,Race/Ethnicity,Hispanic,41.3,33.6,38.3
2021,KY,Kentucky,Race/Ethnicity,Non-Hispanic 2 or more races,47.1,16.9,52.1
2021,KY,Kentucky,Race/Ethnicity,Non-Hispanic Black,46.8,37.4,46.7
2021,KY,Kentucky,Race/Ethnicity,Non-Hispanic White,40.0,30.1,45.3
2021,KY,Kentucky,Sex,Female,40.9,32.3,43.4
2021,KY,Kentucky,Sex,Male,39.8,28.7,46.7
2021,KY,Kentucky,Total,Total,40.3,30.5,45.0
2021,LA,Louisiana,Age (years),18 - 24,23.0,24.5,47.3
2021,LA,Louisiana,Age (years),25 - 34,36.7,25.0,53.3
2021,LA,Louisiana,Age (years),35 - 44,42.8,21.4,51.8
2021,LA,Louisiana,Age (years),45 - 54,44.9,25.6,49.8
2021,LA,Louisiana,Age (years),55 - 64,45.9,34.3,48.9
2021,LA,Louisiana,Age (years),65 or older,35.3,40.5,41.9
2021,LA,Louisiana,Education,College graduate,34.4,14.4,47.4
2021,LA,Louisiana,Education,High school graduate,40.5,36.2,50.7
2021,LA,Louisiana,Education,Less than high school,41.8,44.7,47.5
2021,LA,Louisiana,Education,Some college or technical school,38.3,25.1,47.7
2021,LA,Louisiana,Income,"$15,000 - $24,999",45.4,40.0,47.7
2021,LA,Louisiana,Income,"$25,000 - $34,999",41.5,38.6,51.3
2021,LA,Louisiana,Income,"$35,000 - $49,999",39.2,29.9,50.0
2021,LA,Louisiana,Income,"$50,000 - $74,999",42.9,21.6,43.4
2021,LA,Louisiana,Income,"$75,000 or greater",38.9,18.0,50.9
2021,LA,Louisiana,Income,Data not reported,32.7,25.6,49.8
2021,LA,Louisiana,Income,"Less than $15,000",43.0,43.0,44.2
2021,LA,Louisiana,Race/Ethnicity,Hispanic,34.6,20.9,39.1
2021,LA,Louisiana,Race/Ethnicity,Non-Hispanic 2 or more races,30.0,27.5,44.8
2021,LA,Louisiana,Race/Ethnicity,Non-Hispanic Black,45.2,33.0,41.8
2021,LA,Louisiana,Race/Ethnicity,Non-Hispanic White,36.8,28.7,53.1
2021,LA,Louisiana,Sex,Female,41.2,33.0,46.4
2021,LA,Louisiana,Sex,Male,36.0,25.5,51.1
2021,LA,Louisiana,Total,Total,38.6,29.4,48.6
2021,MA,Massachusetts,Age (years),18 - 24,12.8,14.2,43.4
2021,MA,Massachusetts,Age (years),25 - 34,25.7,21.2,43.2
2021,MA,Massachusetts,Age (years),35 - 44,31.6,18.6,36.0
2021,MA,Massachusetts,Age (years),45 - 54,30.2,19.5,35.9
2021,MA,Massachusetts,Age (years),55 - 64,34.6,21.2,34.4
2021,MA,Massachusetts,Age (years),65 or older,26.3,27.8,31.5
2021,MA,Massachusetts,Education,College graduate,21.2,11.6,32.0
2021,MA,Massachusetts,Education,High school graduate,32.1,25.8,40.1
2021,MA,Massachusetts,Education,Less than high school,35.1,49.8,43.6
2021,MA,Massachusetts,Education,Some college or technical school,30.1,21.4,39.1
2021,MA,Massachusetts,Income,"$15,000 - $24,999",34.0,40.8,42.7
2021,MA,Massachusetts,Income,"$25,000 - $34,999",39.0,30.9,36.5
2021,MA,Massachusetts,Income,"$35,000 - $49,999",28.9,23.7,37.6
2021,MA,Massachusetts,Income,"$50,000 - $74,999",27.0,20.0,38.6
2021,MA,Massachusetts,Income,"$75,000 or greater",27.4,15.0,37.3
2021,MA,Massachusetts,Income,Data not reported,24.6,17.5,35.2
2021,MA,Massachusetts,Income,"Less than $15,000",34.9,42.0,40.8
2021,MA,Massachusetts,Race/Ethnicity,Hispanic,36.0,40.7,41.2
2021,MA,Massachusetts,Race/Ethnicity,Non-Hispanic 2 or more races,27.7,11.2,26.7
2021,MA,Massachusetts,Race/Ethnicity,Non-Hispanic Asian,11.3,17.3,32.7
2021,MA,Massachusetts,Race/Ethnicity,Non-Hispanic Black,35.3,26.2,33.2
2021,MA,Massachusetts,Race/Ethnicity,Non-Hispanic White,26.8,18.2,37.2
2021,MA,Massachusetts,Sex,Female,27.1,23.5,34.4
2021,MA,Massachusetts,Sex,Male,27.7,18.5,39.4
2021,MA,Massachusetts,Total,Total,27.4,21.1,36.7
2021,MD,Maryland,Age (years),18 - 24,19.7,18.9,47.3
2021,MD,Maryland,Age (years),25 - 34,34.7,19.3,40.5
2021,MD,Maryland,Age (years),35 - 44,37.0,18.7,33.4
2021,MD,Maryland,Age (years),45 - 54,40.9,19.4,37.6
2021,MD,Maryland,Age (years),55 - 64,40.4,22.6,36.6
2021,MD,Maryland,Age (years),65 or older,30.1,28.2,32.4
2021,MD,Maryland,Education,College graduate,27.3,11.5,30.6
2021,MD,Maryland,Education,High school graduate,38.4,29.4,44.6
2021,MD,Maryland,Education,Less than high school,39.4,40.9,39.9
2021,MD,Maryland,Education,Some college or technical school,38.9,21.4,38.9
2021,MD,Maryland,Income,"$15,000 - $24,999",36.0,39.2,36.7
2021,MD,Maryland,Income,"$25,000 - $34,999",36.5,35.3,39.4
2021,MD,Maryland,Income,"$35,000 - $49,999",40.7,26.6,37.5
2021,MD,Maryland,Income,"$50,000 - $74,999",38.3,20.8,39.1
2021,MD,Maryland,Income,"$75,000 or greater",34.8,17.2,38.7
2021,MD,Maryland,Income,Data not reported,31.2,17.0,35.5
2021,MD,Maryland,Income,"Less than $15,000",38.1,36.7,42.8
2021,MD,Maryland,Race/Ethnicity,Hispanic,35.5,32.8,31.2
2021,MD,Maryland,Race/Ethnicity,NH American Indian/Alaska Native,31.6,45.3,26.8
2021,MD,Maryland,Race/Ethnicity,Non-Hispanic 2 or more races,32.3,22.2,41.0
2021,MD,Maryland,Race/Ethnicity,Non-Hispanic Asian,16.0,19.2,33.2
2021,MD,Maryland,Race/Ethnicity,Non-Hispanic Black,44.1,23.1,39.2
2021,MD,Maryland,Race/Ethnicity,Non-Hispanic Other,26.2,21.8,30.7
2021,MD,Maryland,Race/Ethnicity,Non-Hispanic White,31.2,18.9,37.7
2021,MD,Maryland,Sex,Female,35.4,24.7,34.7
2021,MD,Maryland,Sex,Male,33.3,18.4,39.8
2021,MD,Maryland,Total,Total,34.3,21.7,37.1
2021,ME,Maine,Age (years),18 - 24,21.1,16.7,38.5
2021,ME,Maine,Age (years),25 - 34,29.4,21.6,38.7
2021,ME,Maine,Age (years),35 - 44,36.5,22.4,32.9
2021,ME,Maine,Age (years),45 - 54,39.1,26.1,37.1
2021,ME,Maine,Age (years),55 - 64,36.8,26.4,38.5
2021,ME,Maine,Age (years),65 or older,27.5,35.1,29.5
2021,ME,Maine,Education,College graduate,25.6,14.6,27.8
2021,ME,Maine,Education,High school graduate,33.1,34.2,39.8
2021,ME,Maine,Education,Less than high school,38.1,43.3,35.6
2021,ME,Maine,Education,Some college or technical school,35.1,26.1,37.3
2021,ME,Maine,Income,"$15,000 - $24,999",39.0,34.9,36.7
2021,ME,Maine,Income,"$25,000 - $34,999",30.7,37.0,40.5
2021,ME,Maine,Income,"$35,000 - $49,999",32.8,30.6,39.9
2021,ME,Maine,Income,"$50,000 - $74,999",36.7,20.6,37.5
2021,ME,Maine,Income,"$75,000 or greater",31.7,16.2,27.9
2021,ME,Maine,Income,Data not reported,27.8,24.4,32.6
2021,ME,Maine,Income,"Less than $15,000",43.6,46.6,42.2
2021,ME,Maine,Race/Ethnicity,Hispanic,31.6,36.7,33.0
2021,ME,Maine,Race/Ethnicity,NH American Indian/Alaska Native,31.5,38.2,48.1
2021,ME,Maine,Race/Ethnicity,Non-Hispanic 2 or more races,44.5,26.9,38.4
2021,ME,Maine,Race/Ethnicity,Non-Hispanic Other,6.7,28.8,32.8
2021,ME,Maine,Race/Ethnicity,Non-Hispanic White,31.8,26.0,34.9
2021,ME,Maine,Sex,Female,32.2,27.4,31.8
2021,ME,Maine,Sex,Male,31.6,25.5,38.5
2021,ME,Maine,Total,Total,31.9,26.5,35.0
2021,MI,Michigan,Age (years),18 - 24,22.9,15.4,48.3
2021,MI,Michigan,Age (years),25 - 34,33.9,18.4,45.3
2021,MI,Michigan,Age (years),35 - 44,37.0,19.3,37.2
2021,MI,Michigan,Age (years),45 - 54,40.6,24.4,40.1
2021,MI,Michigan,Age (years),55 - 64,39.6,25.3,38.8
2021,MI,Michigan,Age (years),65 or older,31.4,30.2,34.5
2021,MI,Michigan,Education,College graduate,30.1,12.1,33.0
2021,MI,Michigan,Education,High school graduate,33.9,27.8,44.9
2021,MI,Michigan,Education,Less than high school,35.6,42.8,48.9
2021,MI,Michigan,Education,Some college or technical school,37.9,22.7,39.4
2021,MI,Michigan,Income,"$15,000 - $24,999",41.3,34.2,40.5
2021,MI,Michigan,Income,"$25,000 - $34,999",33.7,27.8,41.0
2021,MI,Michigan,Income,"$35,000 - $49,999",37.4,26.6,42.4
2021,MI,Michigan,Income,"$50,000 - $74,999",36.0,21.7,41.7
2021,MI,Michigan,Income,"$75,000 or greater",33.5,16.8,36.1
2021,MI,Michigan,Income,Data not reported,31.0,18.8,38.3
2021,MI,Michigan,Income,"Less than $15,000",39.6,41.8,46.4
2021,MI,Michigan,Race/Ethnicity,Hispanic,37.0,24.8,45.1
2021,MI,Michigan,Race/Ethnicity,NH American Indian/Alaska Native,25.9,20.1,47.9
2021,MI,Michigan,Race/Ethnicity,Non-Hispanic 2 or more races,35.5,20.8,39.4
2021,MI,Michigan,Race/Ethnicity,Non-Hispanic Asian,9.3,16.5,44.3
2021,MI,Michigan,Race/Ethnicity,Non-Hispanic Black,40.8,30.8,40.7
2021,MI,Michigan,Race/Ethnicity,Non-Hispanic Other,31.2,29.3,37.7
2021,MI,Michigan,Race/Ethnicity,Non-Hispanic White,34.1,22.0,39.2
2021,MI,Michigan,Sex,Female,34.9,27.0,37.7
2021,MI,Michigan,Sex,Male,33.9,19.0,42.3
2021,MI,Michigan,Total,Total,34.4,23.1,39.9
2021,MN,Minnesota,Age (years),18 - 24,17.5,14.0,44.1
2021,MN,Minnesota,Age (years),25 - 34,31.5,16.5,39.7
2021,MN,Minnesota,Age (years),35 - 44,35.8,17.7,35.5
2021,MN,Minnesota,Age (years),45 - 54,38.3,19.2,37.0
2021,MN,Minnesota,Age (years),55 - 64,37.3,22.0,37.4
2021,MN,Minnesota,Age (years),65 or older,30.8,27.6,29.4
2021,MN,Minnesota,Education,College graduate,27.4,11.7,29.7
2021,MN,Minnesota,Education,High school graduate,33.1,26.9,41.7
2021,MN,Minnesota,Education,Less than high school,35.9,37.4,42.1
2021,MN,Minnesota,Education,Some college or technical school,36.1,19.9,38.2
2021,MN,Minnesota,Income,"$15,000 - $24,999",37.8,36.0,41.0
2021,MN,Minnesota,Income,"$25,000 - $34,999",35.6,28.5,37.1
2021,MN,Minnesota,Income,"$35,000 - $49,999",34.8,24.2,38.2
2021,MN,Minnesota,Income,"$50,000 - $74,999",33.7,20.3,36.8
2021,MN,Minnesota,Income,"$75,000 or greater",36.3,16.9,36.2
2021,MN,Minnesota,Income,Data not reported,28.0,15.4,34.6
2021,MN,Minnesota,Income,"Less than $15,000",40.1,32.5,41.8
2021,MN,Minnesota,Race/Ethnicity,Hispanic,34.1,33.4,35.3
2021,MN,Minnesota,Race/Ethnicity,NH American Indian/Alaska Native,41.5,30.5,41.9
2021,MN,Minnesota,Race/Ethnicity,Non-Hispanic 2 or more races,36.3,22.6,38.4
2021,MN,Minnesota,Race/Ethnicity,Non-Hispanic Asian,21.9,20.4,39.2
2021,MN,Minnesota,Race/Ethnicity,Non-Hispanic Black,36.4,24.6,35.0
2021,MN,Minnesota,Race/Ethnicity,Non-Hispanic White,32.4,19.0,36.3
2021,MN,Minnesota,Sex,Female,31.0,21.8,32.6
2021,MN,Minnesota,Sex,Male,33.7,18.6,40.2
2021,MN,Minnesota,Total,Total,32.4,20.2,36.4
2021,MO,Missouri,Age (years),18 - 24,26.3,17.9,49.1
2021,MO,Missouri,Age (years),25 - 34,36.5,20.3,44.3
2021,MO,Missouri,Age (years),35 - 44,42.7,20.5,44.9
2021,MO,Missouri,Age (years),45 - 54,43.6,23.8,45.3
2021,MO,Missouri,Age (years),55 - 64,41.5,28.2,42.3
2021,MO,Missouri,Age (years),65 or older,32.5,34.7,38.5
2021,MO,Missouri,Education,College graduate,30.5,13.6,35.0
2021,MO,Missouri,Education,High school graduate,39.3,33.2,48.0
2021,MO,Missouri,Education,Less than high school,39.3,39.8,44.9
2021,MO,Missouri,Education,Some college or technical school,40.5,23.0,45.7
2021,MO,Missouri,Income,"$15,000 - $24,999",43.1,43.4,48.6
2021,MO,Missouri,Income,"$25,000 - $34,999",39.8,33.1,47.4
2021,MO,Missouri,Income,"$35,000 - $49,999",41.1,25.4,44.8
2021,MO,Missouri,Income,"$50,000 - $74,999",40.3,22.5,43.8
2021,MO,Missouri,Income,"$75,000 or greater",37.2,19.8,42.8
2021,MO,Missouri,Income,Data not reported,32.1,20.1,40.6
2021,MO,Missouri,Income,"Less than $15,000",41.7,38.4,45.8
2021,MO,Missouri,Race/Ethnicity,Hispanic,43.2,26.7,35.4
2021,MO,Missouri,Race/Ethnicity,NH American Indian/Alaska Native,33.0,32.9,37.8
2021,MO,Missouri,Race/Ethnicity,Non-Hispanic 2 or more races,38.2,20.2,45.4
2021,MO,Missouri,Race/Ethnicity,Non-Hispanic Asian,17.4,14.7,23.5
2021,MO,Missouri,Race/Ethnicity,Non-Hispanic Black,44.3,29.8,40.2
2021,MO,Missouri,Race/Ethnicity,Non-Hispanic Other,38.1,15.5,32.6
2021,MO,Missouri,Race/Ethnicity,Non-Hispanic White,36.8,24.8,45.1
2021,MO,Missouri,Sex,Female,36.6,25.6,38.6
2021,MO,Missouri,Sex,Male,37.8,24.9,48.5
2021,MO,Missouri,Total,Total,37.3,25.3,43.4
2021,MS,Mississippi,Age (years),18 - 24,26.4,17.5,50.0
2021,MS,Mississippi,Age (years),25 - 34,40.0,29.4,47.6
2021,MS,Mississippi,Age (years),35 - 44,38.8,26.3,45.0
2021,MS,Mississippi,Age (years),45 - 54,51.6,30.0,51.5
2021,MS,Mississippi,Age (years),55 - 64,47.9,40.8,44.1
2021,MS,Mississippi,Age (years),65 or older,31.5,36.2,45.0
2021,MS,Mississippi,Education,College graduate,38.1,19.8,44.1
2021,MS,Mississippi,Education,High school graduate,38.1,36.6,46.9
2021,MS,Mississippi,Education,Less than high school,39.6,42.0,47.6
2021,MS,Mississippi,Education,Some college or technical school,40.5,27.8,48.1
2021,MS,Mississippi,Income,"$15,000 - $24,999",45.3,40.2,48.7
2021,MS,Mississippi,Income,"$25,000 - $34,999",40.6,34.6,42.0
2021,MS,Mississippi,Income,"$35,000 - $49,999",42.7,27.3,42.3
2021,MS,Mississippi,Income,"$50,000 - $74,999",40.7,27.0,51.5
2021,MS,Mississippi,Income,"$75,000 or greater",40.8,19.5,47.9
2021,MS,Mississippi,Income,Data not reported,33.9,26.4,47.8
2021,MS,Mississippi,Income,"Less than $15,000",39.7,53.4,47.9
2021,MS,Mississippi,Race/Ethnicity,Non-Hispanic Black,47.0,37.7,42.1
2021,MS,Mississippi,Race/Ethnicity,Non-Hispanic White,34.8,27.5,50.6
2021,MS,Mississippi,Sex,Female,41.5,33.9,44.9
2021,MS,Mississippi,Sex,Male,36.7,27.5,49.2
2021,MS,Mississippi,Total,Total,39.1,30.9,46.9
2021,MT,Montana,Age (years),18 - 24,18.9,12.5,44.8
2021,MT,Montana,Age (years),25 - 34,32.6,15.9,43.4
2021,MT,Montana,Age (years),35 - 44,33.2,15.8,39.9
2021,MT,Montana,Age (years),45 - 54,36.0,20.7,43.2
2021,MT,Montana,Age (years),55 - 64,36.5,24.6,40.6
2021,MT,Montana,Age (years),65 or older,30.9,29.6,34.0
2021,MT,Montana,Education,College graduate,25.1,9.4,34.0
2021,MT,Montana,Education,High school graduate,35.4,30.6,46.7
2021,MT,Montana,Education,Less than high school,33.1,31.3,47.4
2021,MT,Montana,Education,Some college or technical school,34.3,21.1,38.4
2021,MT,Montana,Income,"$15,000 - $24,999",34.3,34.7,44.2
2021,MT,Montana,Income,"$25,000 - $34,999",32.6,25.2,40.6
2021,MT,Montana,Income,"$35,000 - $49,999",32.6,24.4,38.8
2021,MT,Montana,Income,"$50,000 - $74,999",33.8,18.7,38.2
2021,MT,Montana,Income,"$75,000 or greater",35.7,12.9,37.3
2021,MT,Montana,Income,Data not reported,27.5,17.5,40.1
2021,MT,Montana,Income,"Less than $15,000",35.2,32.7,46.6
2021,MT,Montana,Race/Ethnicity,Hispanic,40.2,17.9,38.8
2021,MT,Montana,Race/Ethnicity,NH American Indian/Alaska Native,39.6,22.3,41.3
2021,MT,Montana,Race/Ethnicity,Non-Hispanic 2 or more races,26.8,17.8,37.6
2021,MT,Montana,Race/Ethnicity,Non-Hispanic White,30.9,21.1,40.4
2021,MT,Montana,Sex,Female,31.9,23.2,37.9
2021,MT,Montana,Sex,Male,31.7,19.1,42.2
2021,MT,Montana,Total,Total,31.8,21.2,40.0
2021,NC,North Carolina,Age (years),18 - 24,20.5,15.8,43.4
2021,NC,North Carolina,Age (years),25 - 34,33.9,17.4,42.3
2021,NC,North Carolina,Age (years),35 - 44,43.2,19.6,39.1
2021,NC,North Carolina,Age (years),45 - 54,38.4,24.2,41.8
2021,NC,North Carolina,Age (years),55 - 64,45.2,25.5,40.9
2021,NC,North Carolina,Age (years),65 or older,33.0,27.5,36.7
2021,NC,North Carolina,Education,College graduate,29.5,11.9,34.4
2021,NC,North Carolina,Education,High school graduate,39.0,29.1,43.5
2021,NC,North Carolina,Education,Less than high school,44.1,38.2,46.1
2021,NC,North Carolina,Education,Some college or technical school,36.5,20.0,41.2
2021,NC,North Carolina,Income,"$15,000 - $24,999",46.5,34.8,45.3
2021,NC,North Carolina,Income,"$25,000 - $34,999",39.1,30.1,38.3
2021,NC,North Carolina,Income,"$35,000 - $49,999",38.7,23.0,41.5
2021,NC,North Carolina,Income,"$50,000 - $74,999",34.8,19.0,41.0
2021,NC,North Carolina,Income,"$75,000 or greater",35.4,15.3,39.6
2021,NC,North Carolina,Income,Data not reported,31.2,18.4,38.9
2021,NC,North Carolina,Income,"Less than $15,000",48.0,36.7,46.0
2021,NC,North Carolina,Race/Ethnicity,Hispanic,32.0,30.5,32.5
2021,NC,North Carolina,Race/Ethnicity,NH American Indian/Alaska Native,33.8,27.3,30.8
2021,NC,North Carolina,Race/Ethnicity,Non-Hispanic 2 or more races,41.3,16.8,52.5
2021,NC,North Carolina,Race/Ethnicity,Non-Hispanic Asian,16.8,15.5,30.6
2021,NC,North Carolina,Race/Ethnicity,Non-Hispanic Black,51.5,26.1,42.8
2021,NC,North Carolina,Race/Ethnicity,Non-Hispanic White,32.5,20.3,40.5
2021,NC,North Carolina,Sex,Female,37.9,24.9,38.6
2021,NC,North Carolina,Sex,Male,34.1,19.5,42.3
2021,NC,North Carolina,Total,Total,36.0,22.3,40.4
2021,ND,North Dakota,Age (years),18 - 24,18.0,16.7,50.0
2021,ND,North Dakota,Age (years),25 - 34,32.0,24.7,48.9
2021,ND,North Dakota,Age (years),35 - 44,40.4,25.5,45.1
2021,ND,North Dakota,Age (years),45 - 54,41.9,25.2,47.7
2021,ND,North Dakota,Age (years),55 - 64,42.5,26.9,45.1
2021,ND,North Dakota,Age (years),65 or older,35.6,30.8,32.2
2021,ND,North Dakota,Education,College graduate,31.6,15.8,38.7
2021,ND,North Dakota,Education,High school graduate,33.9,32.7,45.7
2021,ND,North Dakota,Education,Less than high school,41.6,41.8,49.8
2021,ND,North Dakota,Education,Some college or technical school,37.5,24.3,45.7
2021,ND,North Dakota,Income,"$15,000 - $24,999",36.3,34.4,38.3
2021,ND,North Dakota,Income,"$25,000 - $34,999",40.1,30.7,46.8
2021,ND,North Dakota,Income,"$35,000 - $49,999",35.6,27.4,45.6
2021,ND,North Dakota,Income,"$50,000 - $74,999",40.6,24.8,42.7
2021,ND,North Dakota,Income,"$75,000 or greater",33.3,20.8,44.0
2021,ND,North Dakota,Income,Data not reported,31.4,22.7,43.5
2021,ND,North Dakota,Income,"Less than $15,000",44.2,41.6,52.6
2021,ND,North Dakota,Race/Ethnicity,Hispanic,37.3,28.0,50.4
2021,ND,North Dakota,Race/Ethnicity,NH American Indian/Alaska Native,51.5,28.3,46.4
2021,ND,North Dakota,Race/Ethnicity,Non-Hispanic 2 or more races,28.0,22.3,41.0
2021,ND,North Dakota,Race/Ethnicity,Non-Hispanic Black,28.5,39.5,32.3
2021,ND,North Dakota,Race/Ethnicity,Non-Hispanic White,34.7,24.7,43.7
2021,ND,North Dakota,Sex,Female,33.1,26.6,38.6
2021,ND,North Dakota,Sex,Male,37.1,24.4,49.1
2021,ND,North Dakota,Total,Total,35.2,25.5,44.0
2021,NE,Nebraska,Age (years),18 - 24,19.0,17.2,45.9
2021,NE,Nebraska,Age (years),25 - 34,34.4,18.3,42.8
2021,NE,Nebraska,Age (years),35 - 44,41.0,20.9,44.9
2021,NE,Nebraska,Age (years),45 - 54,42.0,22.0,46.3
2021,NE,Nebraska,Age (years),55 - 64,42.3,28.8,43.9
2021,NE,Nebraska,Age (years),65 or older,34.9,33.4,36.1
2021,NE,Nebraska,Education,College graduate,31.2,12.6,37.6
2021,NE,Nebraska,Education,High school graduate,36.3,31.7,47.8
2021,NE,Nebraska,Education,Less than high school,39.8,45.8,39.1
2021,NE,Nebraska,Education,Some college or technical school,39.0,22.8,44.4
2021,NE,Nebraska,Income,"$15,000 - $24,999",37.3,40.3,41.7
2021,NE,Nebraska,Income,"$25,000 - $34,999",37.3,34.7,44.4
2021,NE,Nebraska,Income,"$35,000 - $49,999",36.5,28.1,44.8
2021,NE,Nebraska,Income,"$50,000 - $74,999",37.7,23.1,41.9
2021,NE,Nebraska,Income,"$75,000 or greater",37.2,16.1,40.7
2021,NE,Nebraska,Income,Data not reported,33.1,17.8,42.4
2021,NE,Nebraska,Income,"Less than $15,000",39.5,40.1,46.8
2021,NE,Nebraska,Race/Ethnicity,Hispanic,36.9,33.6,36.1
2021,NE,Nebraska,Race/Ethnicity,NH American Indian/Alaska Native,47.4,24.7,50.9
2021,NE,Nebraska,Race/Ethnicity,Non-Hispanic 2 or more races,46.1,15.6,53.9
2021,NE,Nebraska,Race/Ethnicity,Non-Hispanic Asian,16.3,30.0,41.7
2021,NE,Nebraska,Race/Ethnicity,Non-Hispanic Black,39.3,33.7,52.8
2021,NE,Nebraska,Race/Ethnicity,Non-Hispanic White,35.8,22.5,42.6
2021,NE,Nebraska,Sex,Female,35.0,25.1,37.9
2021,NE,Nebraska,Sex,Male,36.8,23.3,47.8
2021,NE,Nebraska,Total,Total,35.9,24.2,42.7
2021,NH,New Hampshire,Age (years),18 - 24,17.0,12.7,38.3
2021,NH,New Hampshire,Age (years),25 - 34,27.8,17.1,44.1
2021,NH,New Hampshire,Age (years),35 - 44,39.7,18.1,35.7
2021,NH,New Hampshire,Age (years),45 - 54,38.8,17.2,38.1
2021,NH,New Hampshire,Age (years),55 - 64,34.0,21.9,35.7
2021,NH,New Hampshire,Age (years),65 or older,25.9,26.4,29.8
2021,NH,New Hampshire,Education,College graduate,26.3,11.6,30.9
2021,NH,New Hampshire,Education,High school graduate,34.0,27.2,42.9
2021,NH,New Hampshire,Education,Less than high school,32.9,33.9,42.3
2021,NH,New Hampshire,Education,Some college or technical school,32.1,20.0,34.8
2021,NH,New Hampshire,Income,"$15,000 - $24,999",39.7,32.7,37.3
2021,NH,New Hampshire,Income,"$25,000 - $34,999",33.6,33.2,36.5
2021,NH,New Hampshire,Income,"$35,000 - $49,999",32.5,27.6,39.7
2021,NH,New Hampshire,Income,"$50,000 - $74,999",31.2,20.4,37.2
2021,NH,New Hampshire,Income,"$75,000 or greater",25.9,11.3,35.7
2021,NH,New Hampshire,Income,Data not reported,29.4,16.5,34.8
2021,NH,New Hampshire,Income,"Less than $15,000",36.9,37.6,39.1
2021,NH,New Hampshire,Race/Ethnicity,Hispanic,39.5,21.0,36.1
2021,NH,New Hampshire,Race/Ethnicity,Non-Hispanic 2 or more races,36.4,17.9,39.0
2021,NH,New Hampshire,Race/Ethnicity,Non-Hispanic Asian,12.9,17.5,40.5
2021,NH,New Hampshire,Race/Ethnicity,Non-Hispanic Other,26.5,44.1,36.5
2021,NH,New Hampshire,Race/Ethnicity,Non-Hispanic White,31.0,19.5,35.5
2021,NH,New Hampshire,Sex,Female,27.9,21.5,33.2
2021,NH,New Hampshire,Sex,Male,33.3,18.4,39.2
2021,NH,New Hampshire,Total,Total,30.6,20.0,36.1
2021,NJ,New Jersey,Age (years),18 - 24,15.8,13.5,36.9
2021,NJ,New Jersey,Age (years),25 - 34,28.1,22.7,40.1
2021,NJ,New Jersey,Age (years),35 - 44,32.8,22.8,36.1
2021,NJ,New Jersey,Age (years),45 - 54,28.7,22.1,36.2
2021,NJ,New Jersey,Age (years),55 - 64,34.4,24.7,35.8
2021,NJ,New Jersey,Age (years),65 or older,26.3,32.4,31.3
2021,NJ,New Jersey,Education,College graduate,23.8,13.2,32.0
2021,NJ,New Jersey,Education,High school graduate,29.7,29.7,39.3
2021,NJ,New Jersey,Education,Less than high school,30.6,47.0,33.0
2021,NJ,New Jersey,Education,Some college or technical school,32.4,24.9,38.5
2021,NJ,New Jersey,Income,"$15,000 - $24,999",36.4,43.8,38.0
2021,NJ,New Jersey,Income,"$25,000 - $34,999",36.0,36.4,37.8
2021,NJ,New Jersey,Income,"$35,000 - $49,999",26.4,32.5,35.8
2021,NJ,New Jersey,Income,"$50,000 - $74,999",32.2,18.6,31.6
2021,NJ,New Jersey,Income,"$75,000 or greater",33.5,20.3,34.6
2021,NJ,New Jersey,Income,Data not reported,24.2,19.6,35.4
2021,NJ,New Jersey,Income,"Less than $15,000",28.2,42.4,46.0
2021,NJ,New Jersey,Race/Ethnicity,Hispanic,31.2,34.1,36.8
2021,NJ,New Jersey,Race/Ethnicity,Non-Hispanic 2 or more races,34.1,15.1,35.9
2021,NJ,New Jersey,Race/Ethnicity,Non-Hispanic Asian,10.3,18.7,31.0
2021,NJ,New Jersey,Race/Ethnicity,Non-Hispanic Black,35.5,28.3,37.4
2021,NJ,New Jersey,Race/Ethnicity,Non-Hispanic Other,21.9,21.6,36.4
2021,NJ,New Jersey,Race/Ethnicity,Non-Hispanic White,28.8,20.8,35.8
2021,NJ,New Jersey,Sex,Female,27.5,26.8,32.4
2021,NJ,New Jersey,Sex,Male,28.8,21.3,39.2
2021,NJ,New Jersey,Total,Total,28.2,24.1,35.7
2021,NM,New Mexico,Age (years),18 - 24,23.0,20.4,49.7
2021,NM,New Mexico,Age (years),25 - 34,36.9,17.9,41.5
2021,NM,New Mexico,Age (years),35 - 44,40.3,20.4,42.1
2021,NM,New Mexico,Age (years),45 - 54,47.8,19.0,43.3
2021,NM,New Mexico,Age (years),55 - 64,35.6,25.8,41.9
2021,NM,New Mexico,Age (years),65 or older,26.7,30.0,34.7
2021,NM,New Mexico,Education,College graduate,25.1,12.5,34.6
2021,NM,New Mexico,Education,High school graduate,36.7,30.0,48.1
2021,NM,New Mexico,Education,Less than high school,38.9,39.5,39.0
2021,NM,New Mexico,Education,Some college or technical school,38.1,18.0,41.8
2021,NM,New Mexico,Income,"$15,000 - $24,999",37.4,25.8,37.4
2021,NM,New Mexico,Income,"$25,000 - $34,999",38.7,29.9,39.8
2021,NM,New Mexico,Income,"$35,000 - $49,999",35.7,20.7,40.8
2021,NM,New Mexico,Income,"$50,000 - $74,999",35.1,18.9,43.5
2021,NM,New Mexico,Income,"$75,000 or greater",28.5,14.9,39.4
2021,NM,New Mexico,Income,Data not reported,29.9,19.6,42.1
2021,NM,New Mexico,Income,"Less than $15,000",43.3,38.6,45.8
2021,NM,New Mexico,Race/Ethnicity,Hispanic,38.2,25.6,41.3
2021,NM,New Mexico,Race/Ethnicity,NH American Indian/Alaska Native,50.1,24.9,36.5
2021,NM,New Mexico,Race/Ethnicity,Non-Hispanic 2 or more races,28.5,9.3,33.7
2021,NM,New Mexico,Race/Ethnicity,Non-Hispanic Asian,23.9,25.2,39.5
2021,NM,New Mexico,Race/Ethnicity,Non-Hispanic Black,37.9,23.5,42.3
2021,NM,New Mexico,Race/Ethnicity,Non-Hispanic White,27.5,19.4,42.0
2021,NM,New Mexico,Sex,Female,35.6,26.4,39.2
2021,NM,New Mexico,Sex,Male,33.5,19.4,43.4
2021,NM,New Mexico,Total,Total,34.6,23.0,41.2
2021,NV,Nevada,Age (years),18 - 24,21.0,15.0,48.0
2021,NV,Nevada,Age (years),25 - 34,31.8,20.8,41.1
2021,NV,Nevada,Age (years),35 - 44,35.9,18.3,43.9
2021,NV,Nevada,Age (years),45 - 54,39.9,26.9,41.5
2021,NV,Nevada,Age (years),55 - 64,33.1,32.4,43.5
2021,NV,Nevada,Age (years),65 or older,25.1,28.3,38.1
2021,NV,Nevada,Education,College graduate,23.1,11.8,38.4
2021,NV,Nevada,Education,High school graduate,31.7,28.4,44.8
2021,NV,Nevada,Education,Less than high school,41.3,42.8,41.2
2021,NV,Nevada,Education,Some college or technical school,33.1,21.5,42.8
2021,NV,Nevada,Income,"$15,000 - $24,999",37.4,30.1,44.1
2021,NV,Nevada,Income,"$25,000 - $34,999",39.0,31.5,42.1
2021,NV,Nevada,Income,"$35,000 - $49,999",30.8,30.4,42.0
2021,NV,Nevada,Income,"$50,000 - $74,999",31.6,15.9,46.3
2021,NV,Nevada,Income,"$75,000 or greater",28.2,19.6,45.9
2021,NV,Nevada,Income,Data not reported,27.1,19.8,40.7
2021,NV,Nevada,Income,"Less than $15,000",39.6,47.6,27.4
2021,NV,Nevada,Race/Ethnicity,Hispanic,36.2,32.4,38.8
2021,NV,Nevada,Race/Ethnicity,Non-Hispanic 2 or more races,29.5,18.5,45.9
2021,NV,Nevada,Race/Ethnicity,Non-Hispanic Asian,16.2,21.7,40.8
2021,NV,Nevada,Race/Ethnicity,Non-Hispanic Black,32.6,25.0,41.9
2021,NV,Nevada,Race/Ethnicity,Non-Hispanic White,31.0,20.7,44.2
2021,NV,Nevada,Sex,Female,29.4,26.2,40.5
2021,NV,Nevada,Sex,Male,33.1,22.2,43.8
2021,NV,Nevada,Total,Total,31.3,24.2,42.1
2021,NY,New York,Age (years),18 - 24,20.8,20.9,45.2
2021,NY,New York,Age (years),25 - 34,26.5,22.8,42.4
2021,NY,New York,Age (years),35 - 44,29.6,23.9,34.0
2021,NY,New York,Age (years),45 - 54,35.2,25.7,37.6
2021,NY,New York,Age (years),55 - 64,34.2,27.1,34.8
2021,NY,New York,Age (years),65 or older,27.1,31.2,29.9
2021,NY,New York,Education,College graduate,22.8,15.1,32.1
2021,NY,New York,Education,High school graduate,32.5,31.8,41.9
2021,NY,New York,Education,Less than high school,35.0,45.7,36.0
2021,NY,New York,Education,Some college or technical school,31.7,24.1,37.6
2021,NY,New York,Income,"$15,000 - $24,999",33.5,41.5,38.9
2021,NY,New York,Income,"$25,000 - $34,999",33.7,35.0,37.7
2021,NY,New York,Income,"$35,000 - $49,999",30.6,28.5,38.0
2021,NY,New York,Income,"$50,000 - $74,999",30.8,24.1,37.8
2021,NY,New York,Income,"$75,000 or greater",28.7,19.9,35.5
2021,NY,New York,Income,Data not reported,25.8,21.1,35.1
2021,NY,New York,Income,"Less than $15,000",36.0,38.9,38.8
2021,NY,New York,Race/Ethnicity,Hispanic,33.5,37.2,38.1
2021,NY,New York,Race/Ethnicity,NH American Indian/Alaska Native,40.4,35.3,36.2
2021,NY,New York,Race/Ethnicity,Non-Hispanic 2 or more races,27.0,20.7,36.5
2021,NY,New York,Race/Ethnicity,Non-Hispanic Asian,13.2,24.6,32.8
2021,NY,New York,Race/Ethnicity,Non-Hispanic Black,36.8,31.1,36.9
2021,NY,New York,Race/Ethnicity,Non-Hispanic Other,29.5,25.7,40.4
2021,NY,New York,Race/Ethnicity,Non-Hispanic White,28.5,20.9,36.4
2021,NY,New York,Sex,Female,29.8,28.1,34.2
2021,NY,New York,Sex,Male,28.4,23.3,39.0
2021,NY,New York,Total,Total,29.1,25.8,36.5
2021,OH,Ohio,Age (years),18 - 24,21.8,16.1,49.9
2021,OH,Ohio,Age (years),25 - 34,36.5,15.6,42.3
2021,OH,Ohio,Age (years),35 - 44,42.1,22.4,44.2
2021,OH,Ohio,Age (years),45 - 54,45.7,27.0,44.9
2021,OH,Ohio,Age (years),55 - 64,42.1,31.6,42.0
2021,OH,Ohio,Age (years),65 or older,35.7,35.6,38.8
2021,OH,Ohio,Education,College graduate,34.5,13.9,35.6
2021,OH,Ohio,Education,High school graduate,39.7,32.3,47.2
2021,OH,Ohio,Education,Less than high school,33.5,41.8,49.5
2021,OH,Ohio,Education,Some college or technical school,40.1,24.4,43.4
2021,OH,Ohio,Income,"$15,000 - $24,999",41.8,40.1,46.4
2021,OH,Ohio,Income,"$25,000 - $34,999",42.1,31.8,46.4
2021,OH,Ohio,Income,"$35,000 - $49,999",34.9,28.4,43.6
2021,OH,Ohio,Income,"$50,000 - $74,999",39.7,22.6,41.3
2021,OH,Ohio,Income,"$75,000 or greater",39.5,20.5,40.5
2021,OH,Ohio,Income,Data not reported,34.1,20.9,41.5
2021,OH,Ohio,Income,"Less than $15,000",43.5,45.0,50.7
2021,OH,Ohio,Race/Ethnicity,Hispanic,35.1,28.5,43.3
2021,OH,Ohio,Race/Ethnicity,NH American Indian/Alaska Native,37.6,31.2,26.8
2021,OH,Ohio,Race/Ethnicity,Non-Hispanic 2 or more races,45.4,31.2,43.8
2021,OH,Ohio,Race/Ethnicity,Non-Hispanic Asian,12.6,21.9,31.9
2021,OH,Ohio,Race/Ethnicity,Non-Hispanic Black,42.6,27.1,44.8
2021,OH,Ohio,Race/Ethnicity,Non-Hispanic Other,27.6,37.6,47.0
2021,OH,Ohio,Race/Ethnicity,Non-Hispanic White,37.6,25.5,42.9
2021,OH,Ohio,Sex,Female,39.0,28.9,40.5
2021,OH,Ohio,Sex,Male,36.5,22.8,45.7
2021,OH,Ohio,Total,Total,37.8,25.9,43.0
2021,OK,Oklahoma,Age (years),18 - 24,30.6,18.2,49.7
2021,OK,Oklahoma,Age (years),25 - 34,36.4,21.1,53.1
2021,OK,Oklahoma,Age (years),35 - 44,46.0,21.3,48.1
2021,OK,Oklahoma,Age (years),45 - 54,50.0,33.1,51.6
2021,OK,Oklahoma,Age (years),55 - 64,42.0,32.1,51.3
2021,OK,Oklahoma,Age (years),65 or older,33.2,39.0,41.2
2021,OK,Oklahoma,Education,College graduate,32.8,15.1,43.2
2021,OK,Oklahoma,Education,High school graduate,41.3,34.6,53.4
2021,OK,Oklahoma,Education,Less than high school,39.8,43.0,53.0
2021,OK,Oklahoma,Education,Some college or technical school,42.4,26.0,47.0
2021,OK,Oklahoma,Income,"$15,000 - $24,999",40.7,36.5,49.9
2021,OK,Oklahoma,Income,"$25,000 - $34,999",39.1,35.4,45.3
2021,OK,Oklahoma,Income,"$35,000 - $49,999",40.9,25.9,54.5
2021,OK,Oklahoma,Income,"$50,000 - $74,999",44.7,25.2,49.5
2021,OK,Oklahoma,Income,"$75,000 or greater",43.4,19.4,48.9
2021,OK,Oklahoma,Income,Data not reported,35.0,25.8,46.2
2021,OK,Oklahoma,Income,"Less than $15,000",41.1,42.0,54.4
2021,OK,Oklahoma,Race/Ethnicity,Hispanic,39.9,36.6,42.2
2021,OK,Oklahoma,Race/Ethnicity,NH American Indian/Alaska Native,47.1,29.1,48.7
2021,OK,Oklahoma,Race/Ethnicity,Non-Hispanic 2 or more races,42.8,26.0,52.5
2021,OK,Oklahoma,Race/Ethnicity,Non-Hispanic Black,44.8,26.8,42.6
2021,OK,Oklahoma,Race/Ethnicity,Non-Hispanic White,38.3,27.4,50.3
2021,OK,Oklahoma,Sex,Female,39.0,31.0,45.5
2021,OK,Oklahoma,Sex,Male,39.8,25.5,52.2
2021,OK,Oklahoma,Total,Total,39.4,28.3,48.7
2021,OR,Oregon,Age (years),18 - 24,16.9,14.3,48.9
2021,OR,Oregon,Age (years),25 - 34,33.4,19.9,41.3
2021,OR,Oregon,Age (years),35 - 44,33.7,18.8,36.2
2021,OR,Oregon,Age (years),45 - 54,37.5,18.9,37.5
2021,OR,Oregon,Age (years),55 - 64,34.4,22.9,35.6
2021,OR,Oregon,Age (years),65 or older,25.0,22.0,32.8
2021,OR,Oregon,Education,College graduate,24.9,11.3,32.2
2021,OR,Oregon,Education,High school graduate,30.0,24.7,41.3
2021,OR,Oregon,Education,Less than high school,35.2,39.0,45.5
2021,OR,Oregon,Education,Some college or technical school,34.7,19.2,38.3
2021,OR,Oregon,Income,"$15,000 - $24,999",35.8,28.7,42.4
2021,OR,Oregon,Income,"$25,000 - $34,999",29.8,26.4,39.7
2021,OR,Oregon,Income,"$35,000 - $49,999",33.3,17.4,38.7
2021,OR,Oregon,Income,"$75,000 or greater",27.3,14.7,35.8
2021,OR,Oregon,Income,Data not reported,28.6,15.4,35.8
2021,OR,Oregon,Income,"Less than $15,000",33.8,39.3,39.6
2021,OR,Oregon,Race/Ethnicity,Hispanic,36.8,29.5,37.5
2021,OR,Oregon,Race/Ethnicity,NH American Indian/Alaska Native,37.5,29.6,49.0
2021,OR,Oregon,Race/Ethnicity,Non-Hispanic 2 or more races,38.5,18.6,49.8
2021,OR,Oregon,Race/Ethnicity,Non-Hispanic Asian,13.2,20.1,47.5
2021,OR,Oregon,Race/Ethnicity,Non-Hispanic Black,27.5,19.4,32.9
2021,OR,Oregon,Race/Ethnicity,Non-Hispanic White,30.6,18.2,37.1
2021,OR,Oregon,Sex,Female,31.1,21.9,33.8
2021,OR,Oregon,Sex,Male,29.7,17.9,41.9
2021,OR,Oregon,Total,Total,30.4,19.9,37.7
2021,PA,Pennsylvania,Age (years),18 - 24,19.0,15.2,44.3
2021,PA,Pennsylvania,Age (years),25 - 34,29.1,18.4,40.0
2021,PA,Pennsylvania,Age (years),35 - 44,37.4,20.3,41.6
2021,PA,Pennsylvania,Age (years),45 - 54,40.9,24.8,41.6
2021,PA,Pennsylvania,Age (years),55 - 64,40.0,27.2,42.7
2021,PA,Pennsylvania,Age (years),65 or older,31.0,32.2,31.8
2021,PA,Pennsylvania,Education,College graduate,26.8,13.2,34.6
2021,PA,Pennsylvania,Education,High school graduate,36.5,30.9,40.9
2021,PA,Pennsylvania,Education,Less than high school,34.3,35.6,43.5
2021,PA,Pennsylvania,Education,Some college or technical school,36.1,23.6,41.5
2021,PA,Pennsylvania,Income,"$15,000 - $24,999",37.5,34.9,39.9
2021,PA,Pennsylvania,Income,"$25,000 - $34,999",37.0,36.5,41.6
2021,PA,Pennsylvania,Income,"$35,000 - $49,999",36.3,27.2,43.3
2021,PA,Pennsylvania,Income,"$50,000 - $74,999",32.6,21.5,37.0
2021,PA,Pennsylvania,Income,"$75,000 or greater",36.0,20.4,39.8
2021,PA,Pennsylvania,Income,Data not reported,29.7,19.4,38.5
2021,PA,Pennsylvania,Income,"Less than $15,000",41.1,44.2,38.8
2021,PA,Pennsylvania,Race/Ethnicity,Hispanic,34.1,24.9,37.7
2021,PA,Pennsylvania,Race/Ethnicity,Non-Hispanic 2 or more races,44.9,21.6,41.9
2021,PA,Pennsylvania,Race/Ethnicity,Non-Hispanic Asian,10.6,16.1,42.5
2021,PA,Pennsylvania,Race/Ethnicity,Non-Hispanic Black,44.7,32.7,37.3
2021,PA,Pennsylvania,Race/Ethnicity,Non-Hispanic White,32.7,23.3,39.8
2021,PA,Pennsylvania,Sex,Female,32.6,26.8,37.8
2021,PA,Pennsylvania,Sex,Male,34.0,21.5,41.1
2021,PA,Pennsylvania,Total,Total,33.3,24.3,39.4
2021,RI,Rhode Island,Age (years),18 - 24,20.1,19.1,37.9
2021,RI,Rhode Island,Age (years),25 - 34,31.1,23.4,38.5
2021,RI,Rhode Island,Age (years),35 - 44,35.1,22.7,34.9
2021,RI,Rhode Island,Age (years),45 - 54,36.8,22.3,35.4
2021,RI,Rhode Island,Age (years),55 - 64,33.3,24.9,38.8
2021,RI,Rhode Island,Age (years),65 or older,24.9,29.0,30.1
2021,RI,Rhode Island,Education,College graduate,23.9,11.4,33.0
2021,RI,Rhode Island,Education,High school graduate,34.6,30.2,38.1
2021,RI,Rhode Island,Education,Less than high school,34.7,49.8,34.0
2021,RI,Rhode Island,Education,Some college or technical school,30.7,21.9,36.5
2021,RI,Rhode Island,Income,"$15,000 - $24,999",35.5,41.3,32.0
2021,RI,Rhode Island,Income,"$25,000 - $34,999",38.0,33.6,36.1
2021,RI,Rhode Island,Income,"$35,000 - $49,999",33.9,32.8,34.2
2021,RI,Rhode Island,Income,"$50,000 - $74,999",28.0,21.6,42.0
2021,RI,Rhode Island,Income,"$75,000 or greater",29.8,19.1,33.4
2021,RI,Rhode Island,Income,Data not reported,26.1,18.7,34.4
2021,RI,Rhode Island,Income,"Less than $15,000",40.8,37.1,38.8
2021,RI,Rhode Island,Race/Ethnicity,Hispanic,33.9,40.4,28.4
2021,RI,Rhode Island,Race/Ethnicity,Non-Hispanic 2 or more races,32.4,23.6,43.4
2021,RI,Rhode Island,Race/Ethnicity,Non-Hispanic Asian,13.4,24.4,33.4
2021,RI,Rhode Island,Race/Ethnicity,Non-Hispanic Black,43.1,30.0,36.1
2021,RI,Rhode Island,Race/Ethnicity,Non-Hispanic Other,34.2,28.6,28.7
2021,RI,Rhode Island,Race/Ethnicity,Non-Hispanic White,28.7,20.3,37.3
2021,RI,Rhode Island,Sex,Female,29.2,26.7,35.9
2021,RI,Rhode Island,Sex,Male,30.9,21.4,35.1
2021,RI,Rhode Island,Total,Total,30.1,24.2,35.5
2021,SC,South Carolina,Age (years),18 - 24,21.0,14.1,47.4
2021,SC,South Carolina,Age (years),25 - 34,36.3,21.1,41.3
2021,SC,South Carolina,Age (years),35 - 44,40.6,21.2,41.0
2021,SC,South Carolina,Age (years),45 - 54,47.1,26.9,45.2
2021,SC,South Carolina,Age (years),55 - 64,38.1,29.2,45.4
2021,SC,South Carolina,Age (years),65 or older,32.5,31.3,38.3
2021,SC,South Carolina,Education,College graduate,32.7,14.0,36.9
2021,SC,South Carolina,Education,High school graduate,36.7,30.0,45.2
2021,SC,South Carolina,Education,Less than high school,39.9,44.1,44.5
2021,SC,South Carolina,Education,Some college or technical school,37.1,22.6,44.4
2021,SC,South Carolina,Income,"$15,000 - $24,999",41.7,37.8,43.4
2021,SC,South Carolina,Income,"$25,000 - $34,999",41.2,30.5,42.0
2021,SC,South Carolina,Income,"$35,000 - $49,999",35.5,26.0,45.4
2021,SC,South Carolina,Income,"$50,000 - $74,999",39.1,21.8,45.0
2021,SC,South Carolina,Income,"$75,000 or greater",35.6,15.7,39.3
2021,SC,South Carolina,Income,Data not reported,29.7,20.8,39.9
2021,SC,South Carolina,Income,"Less than $15,000",48.1,43.5,49.8
2021,SC,South Carolina,Race/Ethnicity,Hispanic,28.3,30.6,29.8
2021,SC,South Carolina,Race/Ethnicity,NH American Indian/Alaska Native,52.4,30.3,48.9
2021,SC,South Carolina,Race/Ethnicity,Non-Hispanic 2 or more races,35.0,20.6,40.9
2021,SC,South Carolina,Race/Ethnicity,Non-Hispanic Asian,19.1,12.1,35.3
2021,SC,South Carolina,Race/Ethnicity,Non-Hispanic Black,45.7,28.8,43.1
2021,SC,South Carolina,Race/Ethnicity,Non-Hispanic Other,35.2,25.0,46.6
2021,SC,South Carolina,Race/Ethnicity,Non-Hispanic White,32.9,23.5,43.4
2021,SC,South Carolina,Sex,Female,38.3,27.4,41.3
2021,SC,South Carolina,Sex,Male,33.8,22.4,43.9
2021,SC,South Carolina,Total,Total,36.1,25.0,42.5
2021,SD,South Dakota,Age (years),18 - 24,20.8,10.6,42.3
2021,SD,South Dakota,Age (years),25 - 34,43.9,13.5,49.5
2021,SD,South Dakota,Age (years),35 - 44,40.7,25.1,46.3
2021,SD,South Dakota,Age (years),45 - 54,45.3,19.9,48.7
2021,SD,South Dakota,Age (years),55 - 64,44.8,29.0,43.6
2021,SD,South Dakota,Age (years),65 or older,34.3,33.1,34.6
2021,SD,South Dakota,Education,College graduate,36.1,14.4,37.8
2021,SD,South Dakota,Education,High school graduate,42.4,26.8,48.0
2021,SD,South Dakota,Education,Less than high school,46.3,37.6,45.5
2021,SD,South Dakota,Education,Some college or technical school,35.0,23.9,43.6
2021,SD,South Dakota,Income,"$15,000 - $24,999",40.3,25.4,45.9
2021,SD,South Dakota,Income,"$25,000 - $34,999",44.4,28.7,42.3
2021,SD,South Dakota,Income,"$35,000 - $49,999",41.7,27.8,48.2
2021,SD,South Dakota,Income,"$50,000 - $74,999",39.5,22.0,47.5
2021,SD,South Dakota,Income,"$75,000 or greater",40.7,15.0,38.9
2021,SD,South Dakota,Income,Data not reported,33.4,21.5,41.9
2021,SD,South Dakota,Income,"Less than $15,000",44.8,33.7,41.0
2021,SD,South Dakota,Race/Ethnicity,Hispanic,49.7,18.7,36.1
2021,SD,South Dakota,Race/Ethnicity,NH American Indian/Alaska Native,54.6,20.6,35.8
2021,SD,South Dakota,Race/Ethnicity,Non-Hispanic 2 or more races,28.9,12.5,35.8
2021,SD,South Dakota,Race/Ethnicity,Non-Hispanic White,37.2,24.1,45.2
2021,SD,South Dakota,Sex,Female,37.0,23.9,38.2
2021,SD,South Dakota,Sex,Male,39.7,22.5,48.7
2021,SD,South Dakota,Total,Total,38.4,23.2,43.4
2021,TN,Tennessee,Age (years),18 - 24,25.8,20.3,51.8
2021,TN,Tennessee,Age (years),25 - 34,33.4,19.9,46.3
2021,TN,Tennessee,Age (years),35 - 44,41.0,22.3,45.5
2021,TN,Tennessee,Age (years),45 - 54,43.3,27.2,47.7
2021,TN,Tennessee,Age (years),55 - 64,38.0,37.8,48.3
2021,TN,Tennessee,Age (years),65 or older,28.9,38.5,40.6
2021,TN,Tennessee,Education,College graduate,33.2,14.5,40.3
2021,TN,Tennessee,Education,High school graduate,36.0,34.4,50.7
2021,TN,Tennessee,Education,Less than high school,33.1,50.8,46.6
2021,TN,Tennessee,Education,Some college or technical school,36.3,26.1,46.8
2021,TN,Tennessee,Income,"$15,000 - $24,999",32.5,38.7,50.6
2021,TN,Tennessee,Income,"$25,000 - $34,999",38.6,38.3,45.9
2021,TN,Tennessee,Income,"$35,000 - $49,999",39.8,30.0,44.1
2021,TN,Tennessee,Income,"$50,000 - $74,999",33.1,24.9,46.5
2021,TN,Tennessee,Income,"$75,000 or greater",40.4,20.5,46.0
2021,TN,Tennessee,Income,Data not reported,30.1,23.3,45.3
2021,TN,Tennessee,Income,"Less than $15,000",42.1,43.3,47.3
2021,TN,Tennessee,Race/Ethnicity,Hispanic,33.8,26.7,47.2
2021,TN,Tennessee,Race/Ethnicity,Non-Hispanic 2 or more races,43.8,23.6,30.4
2021,TN,Tennessee,Race/Ethnicity,Non-Hispanic Black,47.3,30.0,49.0
2021,TN,Tennessee,Race/Ethnicity,Non-Hispanic White,33.0,29.3,46.2
2021,TN,Tennessee,Sex,Female,37.1,30.5,42.4
2021,TN,Tennessee,Sex,Male,32.8,26.7,50.1
2021,TN,Tennessee,Total,Total,35.0,28.7,46.1
2021,TX,Texas,Age (years),18 - 24,22.1,18.6,40.8
2021,TX,Texas,Age (years),25 - 34,35.1,19.3,40.7
2021,TX,Texas,Age (years),35 - 44,38.2,23.6,43.4
2021,TX,Texas,Age (years),45 - 54,47.6,25.5,43.1
2021,TX,Texas,Age (years),55 - 64,42.2,28.0,40.8
2021,TX,Texas,Age (years),65 or older,30.6,34.2,36.8
2021,TX,Texas,Education,College graduate,28.3,14.3,38.3
2021,TX,Texas,Education,High school graduate,38.6,27.6,43.7
2021,TX,Texas,Education,Less than high school,44.5,43.2,39.8
2021,TX,Texas,Education,Some college or technical school,37.1,23.1,41.4
2021,TX,Texas,Income,"$15,000 - $24,999",38.6,35.2,39.5
2021,TX,Texas,Income,"$25,000 - $34,999",39.1,32.5,35.4
2021,TX,Texas,Income,"$35,000 - $49,999",39.4,27.3,38.4
2021,TX,Texas,Income,"$50,000 - $74,999",37.9,18.9,43.0
2021,TX,Texas,Income,"$75,000 or greater",37.9,18.9,42.0
2021,TX,Texas,Income,Data not reported,31.1,20.6,42.5
2021,TX,Texas,Income,"Less than $15,000",44.8,44.4,41.4
2021,TX,Texas,Race/Ethnicity,Hispanic,42.5,28.8,38.5
2021,TX,Texas,Race/Ethnicity,NH American Indian/Alaska Native,26.5,16.4,34.8
2021,TX,Texas,Race/Ethnicity,Non-Hispanic 2 or more races,24.5,12.4,41.1
2021,TX,Texas,Race/Ethnicity,Non-Hispanic Asian,12.4,15.5,39.5
2021,TX,Texas,Race/Ethnicity,Non-Hispanic Black,43.5,26.5,39.9
2021,TX,Texas,Race/Ethnicity,Non-Hispanic Other,32.4,29.9,41.2
2021,TX,Texas,Race/Ethnicity,Non-Hispanic White,31.5,22.8,43.6
2021,TX,Texas,Sex,Female,36.6,27.1,36.8
2021,TX,Texas,Sex,Male,35.7,23.0,45.1
2021,TX,Texas,Total,Total,36.1,25.1,40.9
2021,UT,Utah,Age (years),18 - 24,16.7,10.9,43.1
2021,UT,Utah,Age (years),25 - 34,32.2,14.5,41.0
2021,UT,Utah,Age (years),35 - 44,34.9,14.7,37.5
2021,UT,Utah,Age (years),45 - 54,37.0,20.2,37.6
2021,UT,Utah,Age (years),55 - 64,37.1,20.4,37.3
2021,UT,Utah,Age (years),65 or older,28.7,24.6,29.1
2021,UT,Utah,Education,College graduate,26.7,9.3,31.6
2021,UT,Utah,Education,High school graduate,31.9,23.0,44.2
2021,UT,Utah,Education,Less than high school,34.8,40.8,37.0
2021,UT,Utah,Education,Some college or technical school,32.9,15.2,38.8
2021,UT,Utah,Income,"$15,000 - $24,999",33.5,29.4,44.0
2021,UT,Utah,Income,"$25,000 - $34,999",34.4,25.4,37.3
2021,UT,Utah,Income,"$35,000 - $49,999",34.8,22.4,40.3
2021,UT,Utah,Income,"$50,000 - $74,999",35.0,15.7,37.1
2021,UT,Utah,Income,"$75,000 or greater",34.3,14.7,37.8
2021,UT,Utah,Income,Data not reported,26.6,14.1,35.8
2021,UT,Utah,Income,"Less than $15,000",27.4,28.1,52.9
2021,UT,Utah,Race/Ethnicity,Hispanic,37.0,31.1,38.5
2021,UT,Utah,Race/Ethnicity,NH American Indian/Alaska Native,39.9,12.3,23.8
2021,UT,Utah,Race/Ethnicity,Non-Hispanic 2 or more races,31.0,13.0,40.8
2021,UT,Utah,Race/Ethnicity,Non-Hispanic Asian,11.1,13.8,48.0
2021,UT,Utah,Race/Ethnicity,Non-Hispanic Black,23.1,24.1,37.8
2021,UT,Utah,Race/Ethnicity,Non-Hispanic White,30.3,15.1,37.4
2021,UT,Utah,Sex,Female,31.4,19.4,32.6
2021,UT,Utah,Sex,Male,30.5,15.2,42.9
2021,UT,Utah,Total,Total,30.9,17.3,37.7
2021,VA,Virginia,Age (years),18 - 24,17.4,10.2,44.5
2021,VA,Virginia,Age (years),25 - 34,32.9,15.9,43.9
2021,VA,Virginia,Age (years),35 - 44,36.7,21.2,36.0
2021,VA,Virginia,Age (years),45 - 54,42.7,22.4,44.3
2021,VA,Virginia,Age (years),55 - 64,41.4,22.2,37.2
2021,VA,Virginia,Age (years),65 or older,31.6,28.7,34.7
2021,VA,Virginia,Education,College graduate,27.0,11.1,34.7
2021,VA,Virginia,Education,High school graduate,38.4,27.0,45.7
2021,VA,Virginia,Education,Less than high school,39.1,41.1,37.5
2021,VA,Virginia,Education,Some college or technical school,38.1,20.9,41.6
2021,VA,Virginia,Income,"$15,000 - $24,999",41.4,41.9,43.7
2021,VA,Virginia,Income,"$25,000 - $34,999",35.1,32.4,38.8
2021,VA,Virginia,Income,"$35,000 - $49,999",36.5,25.1,42.7
2021,VA,Virginia,Income,"$50,000 - $74,999",38.4,19.1,42.7
2021,VA,Virginia,Income,"$75,000 or greater",38.9,15.3,38.4
2021,VA,Virginia,Income,Data not reported,30.1,16.1,37.9
2021,VA,Virginia,Income,"Less than $15,000",38.2,41.1,41.9
2021,VA,Virginia,Race/Ethnicity,Hispanic,30.2,23.9,34.0
2021,VA,Virginia,Race/Ethnicity,Non-Hispanic 2 or more races,24.7,12.2,40.9
2021,VA,Virginia,Race/Ethnicity,Non-Hispanic Asian,15.1,18.3,40.5
2021,VA,Virginia,Race/Ethnicity,Non-Hispanic Black,46.7,26.0,41.6
2021,VA,Virginia,Race/Ethnicity,Non-Hispanic White,33.3,19.5,39.7
2021,VA,Virginia,Sex,Female,34.9,24.6,37.1
2021,VA,Virginia,Sex,Male,33.6,17.0,42.2
2021,VA,Virginia,Total,Total,34.2,20.9,39.6
2021,VT,Vermont,Age (years),18 - 24,18.4,12.3,42.7
2021,VT,Vermont,Age (years),25 - 34,28.2,13.2,39.6
2021,VT,Vermont,Age (years),35 - 44,33.0,11.5,33.1
2021,VT,Vermont,Age (years),45 - 54,35.0,15.6,36.6
2021,VT,Vermont,Age (years),55 - 64,32.8,22.0,32.7
2021,VT,Vermont,Age (years),65 or older,26.8,24.6,28.1
2021,VT,Vermont,Education,College graduate,22.4,7.3,26.0
2021,VT,Vermont,Education,High school graduate,34.9,27.2,43.0
2021,VT,Vermont,Education,Less than high school,31.0,37.5,44.9
2021,VT,Vermont,Education,Some college or technical school,30.7,16.4,34.2
2021,VT,Vermont,Income,"$15,000 - $24,999",34.1,33.6,40.3
2021,VT,Vermont,Income,"$25,000 - $34,999",28.0,22.7,37.1
2021,VT,Vermont,Income,"$35,000 - $49,999",34.5,24.2,39.6
2021,VT,Vermont,Income,"$50,000 - $74,999",30.2,12.6,32.7
2021,VT,Vermont,Income,"$75,000 or greater",28.6,10.6,31.7
2021,VT,Vermont,Income,Data not reported,25.8,14.7,32.0
2021,VT,Vermont,Income,"Less than $15,000",35.0,38.0,42.8
2021,VT,Vermont,Race/Ethnicity,Hispanic,25.2,21.9,34.5
2021,VT,Vermont,Race/Ethnicity,Non-Hispanic 2 or more races,30.1,14.5,45.4
2021,VT,Vermont,Race/Ethnicity,Non-Hispanic Other,43.5,33.9,36.8
2021,VT,Vermont,Race/Ethnicity,Non-Hispanic White,29.2,17.3,33.9
2021,VT,Vermont,Sex,Female,29.0,19.0,29.5
2021,VT,Vermont,Sex,Male,29.1,16.5,39.5
2021,VT,Vermont,Total,Total,29.0,17.8,34.4
2021,WA,Washington,Age (years),18 - 24,18.3,13.5,42.7
2021,WA,Washington,Age (years),25 - 34,28.4,15.5,44.5
2021,WA,Washington,Age (years),35 - 44,30.7,16.3,34.1
2021,WA,Washington,Age (years),45 - 54,33.0,16.6,37.0
2021,WA,Washington,Age (years),55 - 64,32.8,20.4,33.5
2021,WA,Washington,Age (years),65 or older,26.9,22.2,28.9
2021,WA,Washington,Education,College graduate,22.3,9.8,30.4
2021,WA,Washington,Education,High school graduate,32.4,22.5,41.1
2021,WA,Washington,Education,Less than high school,33.6,37.0,34.7
2021,WA,Washington,Education,Some college or technical school,31.5,17.2,39.1
2021,WA,Washington,Income,"$15,000 - $24,999",37.8,31.6,40.1
2021,WA,Washington,Income,"$25,000 - $34,999",33.3,25.7,36.8
2021,WA,Washington,Income,"$35,000 - $49,999",31.6,22.9,37.7
2021,WA,Washington,Income,"$50,000 - $74,999",29.5,16.9,39.7
2021,WA,Washington,Income,"$75,000 or greater",30.3,13.1,33.1
2021,WA,Washington,Income,Data not reported,24.5,13.5,33.9
2021,WA,Washington,Income,"Less than $15,000",40.6,38.8,47.5
2021,WA,Washington,Race/Ethnicity,Hispanic,35.4,26.9,31.1
2021,WA,Washington,Race/Ethnicity,NH American Indian/Alaska Native,43.9,23.2,42.7
2021,WA,Washington,Race/Ethnicity,NH Hawaiian/Pacific Islander,46.9,25.4,53.6
2021,WA,Washington,Race/Ethnicity,Non-Hispanic 2 or more races,38.3,15.2,43.8
2021,WA,Washington,Race/Ethnicity,Non-Hispanic Asian,9.6,16.4,36.4
2021,WA,Washington,Race/Ethnicity,Non-Hispanic Black,38.0,28.8,37.6
2021,WA,Washington,Race/Ethnicity,Non-Hispanic Other,22.2,23.3,37.8
2021,WA,Washington,Race/Ethnicity,Non-Hispanic White,29.5,15.6,36.5
2021,WA,Washington,Sex,Female,29.3,19.2,31.7
2021,WA,Washington,Sex,Male,28.3,16.4,40.6
2021,WA,Washington,Total,Total,28.8,17.8,36.1
2021,WI,Wisconsin,Age (years),18 - 24,23.1,14.6,46.3
2021,WI,Wisconsin,Age (years),25 - 34,28.3,14.1,43.0
2021,WI,Wisconsin,Age (years),35 - 44,33.4,15.2,37.6
2021,WI,Wisconsin,Age (years),45 - 54,44.9,23.0,41.4
2021,WI,Wisconsin,Age (years),55 - 64,39.5,23.9,40.1
2021,WI,Wisconsin,Age (years),65 or older,32.3,26.4,30.5
2021,WI,Wisconsin,Education,College graduate,27.1,9.4,31.1
2021,WI,Wisconsin,Education,High school graduate,37.5,27.0,43.7
2021,WI,Wisconsin,Education,Less than high school,32.9,35.0,45.4
2021,WI,Wisconsin,Education,Some college or technical school,36.7,19.8,39.8
2021,WI,Wisconsin,Income,"$15,000 - $24,999",40.1,40.5,40.6
2021,WI,Wisconsin,Income,"$25,000 - $34,999",42.4,29.9,42.0
2021,WI,Wisconsin,Income,"$35,000 - $49,999",33.1,21.7,38.6
2021,WI,Wisconsin,Income,"$50,000 - $74,999",38.4,18.8,40.4
2021,WI,Wisconsin,Income,"$75,000 or greater",30.5,11.8,36.2
2021,WI,Wisconsin,Income,Data not reported,29.6,15.5,36.1
2021,WI,Wisconsin,Income,"Less than $15,000",36.7,39.8,54.1
2021,WI,Wisconsin,Race/Ethnicity,Hispanic,31.0,24.5,43.6
2021,WI,Wisconsin,Race/Ethnicity,NH American Indian/Alaska Native,44.8,22.7,56.5
2021,WI,Wisconsin,Race/Ethnicity,Non-Hispanic 2 or more races,36.6,22.0,40.6
2021,WI,Wisconsin,Race/Ethnicity,Non-Hispanic Asian,16.5,22.2,44.5
2021,WI,Wisconsin,Race/Ethnicity,Non-Hispanic Black,55.1,28.0,43.5
2021,WI,Wisconsin,Race/Ethnicity,Non-Hispanic White,33.1,19.2,38.0
2021,WI,Wisconsin,Sex,Female,34.5,22.9,33.7
2021,WI,Wisconsin,Sex,Male,33.3,17.7,44.1
2021,WI,Wisconsin,Total,Total,33.9,20.3,38.8
2021,WV,West Virginia,Age (years),18 - 24,30.4,15.0,50.4
2021,WV,West Virginia,Age (years),25 - 34,39.8,23.9,50.2
2021,WV,West Virginia,Age (years),35 - 44,45.2,21.6,41.9
2021,WV,West Virginia,Age (years),45 - 54,48.0,29.5,47.6
2021,WV,West Virginia,Age (years),55 - 64,44.6,38.4,48.1
2021,WV,West Virginia,Age (years),65 or older,35.9,41.0,41.7
2021,WV,West Virginia,Education,College graduate,35.4,15.4,39.0
2021,WV,West Virginia,Education,High school graduate,42.8,35.2,47.7
2021,WV,West Virginia,Education,Less than high school,40.3,47.0,52.4
2021,WV,West Virginia,Education,Some college or technical school,41.2,27.5,46.3
2021,WV,West Virginia,Income,"$15,000 - $24,999",44.7,42.4,50.4
2021,WV,West Virginia,Income,"$25,000 - $34,999",44.3,38.9,48.0
2021,WV,West Virginia,Income,"$35,000 - $49,999",42.1,31.2,44.8
2021,WV,West Virginia,Income,"$50,000 - $74,999",43.1,23.8,44.0
2021,WV,West Virginia,Income,"$75,000 or greater",40.4,18.4,44.7
2021,WV,West Virginia,Income,Data not reported,34.9,25.7,44.1
2021,WV,West Virginia,Income,"Less than $15,000",43.0,47.8,51.7
2021,WV,West Virginia,Race/Ethnicity,Hispanic,41.0,21.5,41.6
2021,WV,West Virginia,Race/Ethnicity,Non-Hispanic 2 or more races,42.9,26.4,50.1
2021,WV,West Virginia,Race/Ethnicity,Non-Hispanic Black,41.2,28.6,46.9
2021,WV,West Virginia,Race/Ethnicity,Non-Hispanic White,40.7,30.7,46.1
2021,WV,West Virginia,Sex,Female,41.8,35.4,44.7
2021,WV,West Virginia,Sex,Male,39.4,25.5,47.4
2021,WV,West Virginia,Total,Total,40.6,30.5,46.0
2021,WY,Wyoming,Age (years),18 - 24,28.8,18.2,44.0
2021,WY,Wyoming,Age (years),25 - 34,31.9,18.8,50.8
2021,WY,Wyoming,Age (years),35 - 44,33.6,20.8,45.8
2021,WY,Wyoming,Age (years),45 - 54,34.8,20.6,45.0
2021,WY,Wyoming,Age (years),55 - 64,34.2,25.1,45.4
2021,WY,Wyoming,Age (years),65 or older,29.6,29.3,33.7
2021,WY,Wyoming,Education,College graduate,26.9,12.8,33.8
2021,WY,Wyoming,Education,High school graduate,35.0,27.5,48.9
2021,WY,Wyoming,Education,Less than high school,32.7,36.7,45.6
2021,WY,Wyoming,Education,Some college or technical school,32.8,23.4,45.5
2021,WY,Wyoming,Income,"$15,000 - $24,999",31.7,36.8,51.0
2021,WY,Wyoming,Income,"$25,000 - $34,999",31.9,28.9,43.7
2021,WY,Wyoming,Income,"$35,000 - $49,999",35.1,25.2,39.1
2021,WY,Wyoming,Income,"$50,000 - $74,999",33.4,17.0,40.3
2021,WY,Wyoming,Income,"$75,000 or greater",30.1,18.4,47.2
2021,WY,Wyoming,Income,Data not reported,30.6,19.7,41.8
2021,WY,Wyoming,Income,"Less than $15,000",34.9,37.3,53.3
2021,WY,Wyoming,Race/Ethnicity,Hispanic,39.0,30.3,49.6
2021,WY,Wyoming,Race/Ethnicity,Non-Hispanic 2 or more races,43.5,23.1,53.9
2021,WY,Wyoming,Race/Ethnicity,Non-Hispanic White,31.3,22.3,42.5
2021,WY,Wyoming,Sex,Female,31.5,25.3,41.3
2021,WY,Wyoming,Sex,Male,32.4,20.5,45.4
2021,WY,Wyoming,Total,Total,32.0,22.9,43.3
